-- MySQL dump 10.13  Distrib 8.0.16, for osx10.12 (x86_64)
--
-- Host: 127.0.0.1    Database: rosetta
-- ------------------------------------------------------
-- Server version	8.0.24

/*!40101 SET @OLD_CHARACTER_SET_CLIENT=@@CHARACTER_SET_CLIENT */;
/*!40101 SET @OLD_CHARACTER_SET_RESULTS=@@CHARACTER_SET_RESULTS */;
/*!40101 SET @OLD_COLLATION_CONNECTION=@@COLLATION_CONNECTION */;
 SET NAMES utf8mb4 ;
/*!40103 SET @OLD_TIME_ZONE=@@TIME_ZONE */;
/*!40103 SET TIME_ZONE='+00:00' */;
/*!40014 SET @OLD_UNIQUE_CHECKS=@@UNIQUE_CHECKS, UNIQUE_CHECKS=0 */;
/*!40014 SET @OLD_FOREIGN_KEY_CHECKS=@@FOREIGN_KEY_CHECKS, FOREIGN_KEY_CHECKS=0 */;
/*!40101 SET @OLD_SQL_MODE=@@SQL_MODE, SQL_MODE='NO_AUTO_VALUE_ON_ZERO' */;
/*!40111 SET @OLD_SQL_NOTES=@@SQL_NOTES, SQL_NOTES=0 */;

--
-- Table structure for table `attachments`
--

DROP TABLE IF EXISTS `attachments`;
/*!40101 SET @saved_cs_client     = @@character_set_client */;
 SET character_set_client = utf8mb4 ;
CREATE TABLE `attachments` (
  `id` bigint unsigned NOT NULL AUTO_INCREMENT,
  `attachable_id` int NOT NULL,
  `attachable_type` varchar(191) CHARACTER SET utf8mb4 COLLATE utf8mb4_unicode_ci NOT NULL,
  `filename` varchar(191) CHARACTER SET utf8mb4 COLLATE utf8mb4_unicode_ci NOT NULL,
  `path` varchar(191) CHARACTER SET utf8mb4 COLLATE utf8mb4_unicode_ci NOT NULL,
  `user_id` bigint unsigned NOT NULL,
  `created_at` timestamp NULL DEFAULT NULL,
  `updated_at` timestamp NULL DEFAULT NULL,
  PRIMARY KEY (`id`),
  KEY `attachments_user_id_foreign` (`user_id`),
  CONSTRAINT `attachments_user_id_foreign` FOREIGN KEY (`user_id`) REFERENCES `users` (`id`) ON DELETE CASCADE
) ENGINE=InnoDB AUTO_INCREMENT=24 DEFAULT CHARSET=utf8mb4 COLLATE=utf8mb4_unicode_ci;
/*!40101 SET character_set_client = @saved_cs_client */;

--
-- Dumping data for table `attachments`
--

LOCK TABLES `attachments` WRITE;
/*!40000 ALTER TABLE `attachments` DISABLE KEYS */;
/*!40000 ALTER TABLE `attachments` ENABLE KEYS */;
UNLOCK TABLES;

--
-- Table structure for table `categories`
--

DROP TABLE IF EXISTS `categories`;
/*!40101 SET @saved_cs_client     = @@character_set_client */;
 SET character_set_client = utf8mb4 ;
CREATE TABLE `categories` (
  `id` int unsigned NOT NULL AUTO_INCREMENT,
  `parent_id` int unsigned DEFAULT NULL,
  `order` int NOT NULL DEFAULT '1',
  `name` varchar(191) CHARACTER SET utf8mb4 COLLATE utf8mb4_unicode_ci NOT NULL,
  `slug` varchar(191) CHARACTER SET utf8mb4 COLLATE utf8mb4_unicode_ci NOT NULL,
  `created_at` timestamp NULL DEFAULT NULL,
  `updated_at` timestamp NULL DEFAULT NULL,
  PRIMARY KEY (`id`),
  UNIQUE KEY `categories_slug_unique` (`slug`),
  KEY `categories_parent_id_foreign` (`parent_id`),
  CONSTRAINT `categories_parent_id_foreign` FOREIGN KEY (`parent_id`) REFERENCES `categories` (`id`) ON DELETE SET NULL ON UPDATE CASCADE
) ENGINE=InnoDB AUTO_INCREMENT=3 DEFAULT CHARSET=utf8mb4 COLLATE=utf8mb4_unicode_ci;
/*!40101 SET character_set_client = @saved_cs_client */;

--
-- Dumping data for table `categories`
--

LOCK TABLES `categories` WRITE;
/*!40000 ALTER TABLE `categories` DISABLE KEYS */;
/*!40000 ALTER TABLE `categories` ENABLE KEYS */;
UNLOCK TABLES;

--
-- Table structure for table `chat_user`
--

DROP TABLE IF EXISTS `chat_user`;
/*!40101 SET @saved_cs_client     = @@character_set_client */;
 SET character_set_client = utf8mb4 ;
CREATE TABLE `chat_user` (
  `id` bigint unsigned NOT NULL AUTO_INCREMENT,
  `chat_id` bigint unsigned NOT NULL,
  `user_id` bigint unsigned NOT NULL,
  `created_at` timestamp NULL DEFAULT NULL,
  `updated_at` timestamp NULL DEFAULT NULL,
  PRIMARY KEY (`id`),
  KEY `chat_user_chat_id_foreign` (`chat_id`),
  KEY `chat_user_user_id_foreign` (`user_id`),
  CONSTRAINT `chat_user_chat_id_foreign` FOREIGN KEY (`chat_id`) REFERENCES `chats` (`id`) ON DELETE CASCADE,
  CONSTRAINT `chat_user_user_id_foreign` FOREIGN KEY (`user_id`) REFERENCES `users` (`id`) ON DELETE CASCADE
) ENGINE=InnoDB AUTO_INCREMENT=33 DEFAULT CHARSET=utf8mb4 COLLATE=utf8mb4_unicode_ci;
/*!40101 SET character_set_client = @saved_cs_client */;

--
-- Dumping data for table `chat_user`
--

LOCK TABLES `chat_user` WRITE;
/*!40000 ALTER TABLE `chat_user` DISABLE KEYS */;
/*!40000 ALTER TABLE `chat_user` ENABLE KEYS */;
UNLOCK TABLES;

--
-- Table structure for table `chats`
--

DROP TABLE IF EXISTS `chats`;
/*!40101 SET @saved_cs_client     = @@character_set_client */;
 SET character_set_client = utf8mb4 ;
CREATE TABLE `chats` (
  `id` bigint unsigned NOT NULL AUTO_INCREMENT,
  `name` varchar(191) CHARACTER SET utf8mb4 COLLATE utf8mb4_unicode_ci NOT NULL,
  `created_at` timestamp NULL DEFAULT NULL,
  `updated_at` timestamp NULL DEFAULT NULL,
  PRIMARY KEY (`id`)
) ENGINE=InnoDB AUTO_INCREMENT=8 DEFAULT CHARSET=utf8mb4 COLLATE=utf8mb4_unicode_ci;
/*!40101 SET character_set_client = @saved_cs_client */;

--
-- Dumping data for table `chats`
--

LOCK TABLES `chats` WRITE;
/*!40000 ALTER TABLE `chats` DISABLE KEYS */;
/*!40000 ALTER TABLE `chats` ENABLE KEYS */;
UNLOCK TABLES;

--
-- Table structure for table `comments`
--

DROP TABLE IF EXISTS `comments`;
/*!40101 SET @saved_cs_client     = @@character_set_client */;
 SET character_set_client = utf8mb4 ;
CREATE TABLE `comments` (
  `id` bigint unsigned NOT NULL AUTO_INCREMENT,
  `body` text CHARACTER SET utf8mb4 COLLATE utf8mb4_unicode_ci NOT NULL,
  `post_id` bigint unsigned NOT NULL,
  `user_id` bigint unsigned NOT NULL,
  `created_at` timestamp NULL DEFAULT NULL,
  `updated_at` timestamp NULL DEFAULT NULL,
  `deleted_at` timestamp NULL DEFAULT NULL,
  PRIMARY KEY (`id`),
  KEY `comments_post_id_foreign` (`post_id`),
  KEY `comments_user_id_foreign` (`user_id`),
  CONSTRAINT `comments_post_id_foreign` FOREIGN KEY (`post_id`) REFERENCES `posts` (`id`) ON DELETE CASCADE,
  CONSTRAINT `comments_user_id_foreign` FOREIGN KEY (`user_id`) REFERENCES `users` (`id`) ON DELETE CASCADE
) ENGINE=InnoDB AUTO_INCREMENT=27 DEFAULT CHARSET=utf8mb4 COLLATE=utf8mb4_unicode_ci;
/*!40101 SET character_set_client = @saved_cs_client */;

--
-- Dumping data for table `comments`
--

LOCK TABLES `comments` WRITE;
/*!40000 ALTER TABLE `comments` DISABLE KEYS */;
/*!40000 ALTER TABLE `comments` ENABLE KEYS */;
UNLOCK TABLES;

--
-- Table structure for table `data_rows`
--

DROP TABLE IF EXISTS `data_rows`;
/*!40101 SET @saved_cs_client     = @@character_set_client */;
 SET character_set_client = utf8mb4 ;
CREATE TABLE `data_rows` (
  `id` int unsigned NOT NULL AUTO_INCREMENT,
  `data_type_id` int unsigned NOT NULL,
  `field` varchar(191) CHARACTER SET utf8mb4 COLLATE utf8mb4_unicode_ci NOT NULL,
  `type` varchar(191) CHARACTER SET utf8mb4 COLLATE utf8mb4_unicode_ci NOT NULL,
  `display_name` varchar(191) CHARACTER SET utf8mb4 COLLATE utf8mb4_unicode_ci NOT NULL,
  `required` tinyint(1) NOT NULL DEFAULT '0',
  `browse` tinyint(1) NOT NULL DEFAULT '1',
  `read` tinyint(1) NOT NULL DEFAULT '1',
  `edit` tinyint(1) NOT NULL DEFAULT '1',
  `add` tinyint(1) NOT NULL DEFAULT '1',
  `delete` tinyint(1) NOT NULL DEFAULT '1',
  `details` text CHARACTER SET utf8mb4 COLLATE utf8mb4_unicode_ci,
  `order` int NOT NULL DEFAULT '1',
  PRIMARY KEY (`id`),
  KEY `data_rows_data_type_id_foreign` (`data_type_id`),
  CONSTRAINT `data_rows_data_type_id_foreign` FOREIGN KEY (`data_type_id`) REFERENCES `data_types` (`id`) ON DELETE CASCADE ON UPDATE CASCADE
) ENGINE=InnoDB AUTO_INCREMENT=156 DEFAULT CHARSET=utf8mb4 COLLATE=utf8mb4_unicode_ci;
/*!40101 SET character_set_client = @saved_cs_client */;

--
-- Dumping data for table `data_rows`
--

LOCK TABLES `data_rows` WRITE;
/*!40000 ALTER TABLE `data_rows` DISABLE KEYS */;
INSERT INTO `data_rows` VALUES (1,1,'id','number','ID',1,0,0,0,0,0,'{}',1),(2,1,'name','text','First Name',1,1,1,1,1,1,'{\"display\":{\"width\":\"6\"}}',2),(3,1,'email','text','Email',1,1,1,1,1,1,'{\"validation\":{\"rule\":\"unique:users,email\",\"messages\":{\"unique\":\"Please use an unique email.\"}},\"display\":{\"width\":\"6\"}}',4),(4,1,'password','password','Password',1,0,0,1,1,0,'{\"description\":\"For new users: set password to \'rose\'.\"}',5),(5,1,'remember_token','text','Remember Token',0,0,0,0,0,0,'{}',6),(6,1,'created_at','timestamp','Created At',0,0,1,0,0,0,'{}',15),(7,1,'updated_at','timestamp','Updated At',0,0,0,0,0,0,'{}',16),(8,1,'avatar','image','Avatar',0,1,1,1,1,1,'{\"display\":{\"width\":\"6\"},\"resize\":{\"width\":\"500\",\"height\":null},\"thumbnails\":[{\"name\":\"medium\",\"scale\":\"50%\"},{\"name\":\"small\",\"scale\":\"25%\"},{\"name\":\"cropped-center\",\"crop\":{\"width\":\"250\",\"height\":\"250\"}}],\"upsize\":true,\"quality\":\"100%\"}',18),(9,1,'user_belongsto_role_relationship','relationship','User Role *',0,1,1,1,1,0,'{\"display\":{\"width\":\"6\"},\"model\":\"TCG\\\\Voyager\\\\Models\\\\Role\",\"table\":\"roles\",\"type\":\"belongsTo\",\"column\":\"role_id\",\"key\":\"id\",\"label\":\"display_name\",\"pivot_table\":\"user_roles\",\"pivot\":\"0\",\"taggable\":\"0\"}',11),(10,1,'user_belongstomany_role_relationship','relationship','Roles *',0,0,0,0,0,0,'{\"display\":{\"width\":\"6\"},\"validation\":{\"rule\":\"required\",\"messages\":{\"unique\":\"This field is required\"}},\"model\":\"TCG\\\\Voyager\\\\Models\\\\Role\",\"table\":\"roles\",\"type\":\"belongsToMany\",\"column\":\"role_id\",\"key\":\"id\",\"label\":\"display_name\",\"pivot_table\":\"user_roles\",\"pivot\":\"1\",\"taggable\":\"0\"}',12),(11,1,'settings','hidden','Settings',0,0,0,0,0,0,'{}',13),(12,2,'id','number','ID',1,0,0,0,0,0,NULL,1),(13,2,'name','text','Name',1,1,1,1,1,1,NULL,2),(14,2,'created_at','timestamp','Created At',0,0,0,0,0,0,NULL,3),(15,2,'updated_at','timestamp','Updated At',0,0,0,0,0,0,NULL,4),(16,3,'id','number','ID',1,0,0,0,0,0,NULL,1),(17,3,'name','text','Name',1,1,1,1,1,1,NULL,2),(18,3,'created_at','timestamp','Created At',0,0,0,0,0,0,NULL,3),(19,3,'updated_at','timestamp','Updated At',0,0,0,0,0,0,NULL,4),(20,3,'display_name','text','Display Name',1,1,1,1,1,1,NULL,5),(21,1,'role_id','hidden','Role',0,1,1,1,1,0,'{}',10),(22,4,'id','number','ID',1,0,0,0,0,0,NULL,1),(23,4,'parent_id','select_dropdown','Parent',0,0,1,1,1,1,'{\"default\":\"\",\"null\":\"\",\"options\":{\"\":\"-- None --\"},\"relationship\":{\"key\":\"id\",\"label\":\"name\"}}',2),(24,4,'order','text','Order',1,1,1,1,1,1,'{\"default\":1}',3),(25,4,'name','text','Name',1,1,1,1,1,1,NULL,4),(26,4,'slug','text','Slug',1,1,1,1,1,1,'{\"slugify\":{\"origin\":\"name\"}}',5),(27,4,'created_at','timestamp','Created At',0,0,1,0,0,0,NULL,6),(28,4,'updated_at','timestamp','Updated At',0,0,0,0,0,0,NULL,7),(29,5,'id','number','ID',1,1,0,0,0,0,'{}',1),(30,5,'author_id','hidden','Author',1,0,0,1,0,1,'{}',2),(32,5,'title','text','Title',1,1,1,1,1,1,'{}',4),(34,5,'body','rich_text_box','Body',1,0,1,1,1,1,'{\"validation\":{\"rule\":\"required\",\"messages\":{\"unique\":\"Post Body is required.\"}}}',6),(39,5,'status','select_dropdown','Status',1,1,1,1,1,1,'{\"default\":\"PUBLISHED\",\"options\":{\"PUBLISHED\":\"Published\",\"PENDING\":\"Pending\",\"DRAFT\":\"Draft\"}}',11),(40,5,'created_at','timestamp','Created At',0,1,1,0,0,0,'{}',12),(41,5,'updated_at','timestamp','Updated At',0,1,1,0,0,0,'{}',13),(44,6,'id','number','ID',1,0,0,0,0,0,NULL,1),(45,6,'author_id','text','Author',1,0,0,0,0,0,NULL,2),(46,6,'title','text','Title',1,1,1,1,1,1,NULL,3),(47,6,'excerpt','text_area','Excerpt',1,0,1,1,1,1,NULL,4),(48,6,'body','rich_text_box','Body',1,0,1,1,1,1,NULL,5),(49,6,'slug','text','Slug',1,0,1,1,1,1,'{\"slugify\":{\"origin\":\"title\"},\"validation\":{\"rule\":\"unique:pages,slug\"}}',6),(50,6,'meta_description','text','Meta Description',1,0,1,1,1,1,NULL,7),(51,6,'meta_keywords','text','Meta Keywords',1,0,1,1,1,1,NULL,8),(52,6,'status','select_dropdown','Status',1,1,1,1,1,1,'{\"default\":\"INACTIVE\",\"options\":{\"INACTIVE\":\"INACTIVE\",\"ACTIVE\":\"ACTIVE\"}}',9),(53,6,'created_at','timestamp','Created At',1,1,1,0,0,0,NULL,10),(54,6,'updated_at','timestamp','Updated At',1,0,0,0,0,0,NULL,11),(55,6,'image','image','Page Image',0,1,1,1,1,1,NULL,12),(56,7,'id','text','Id',1,0,0,0,0,0,'{}',1),(57,7,'title','text','Title',1,1,1,1,1,1,'{}',2),(58,7,'description','text','Description',1,1,1,1,1,1,'{}',3),(59,7,'created_at','timestamp','Created At',0,1,1,1,0,1,'{}',4),(60,7,'updated_at','timestamp','Updated At',0,0,0,0,0,0,'{}',5),(61,8,'id','text','Id',1,0,0,0,0,0,'{}',1),(62,8,'name','text','Name',1,1,1,1,1,1,'{}',3),(63,8,'poll_id','text','Poll Id',1,1,1,1,1,1,'{}',2),(64,8,'created_at','timestamp','Created At',0,1,1,1,0,1,'{}',4),(65,8,'updated_at','timestamp','Updated At',0,0,0,0,0,0,'{}',5),(67,8,'option_belongsto_poll_relationship','relationship','polls',0,1,1,1,1,1,'{\"model\":\"App\\\\Models\\\\Poll\",\"table\":\"polls\",\"type\":\"belongsTo\",\"column\":\"poll_id\",\"key\":\"id\",\"label\":\"title\",\"pivot_table\":\"attachments\",\"pivot\":\"0\",\"taggable\":null}',6),(68,9,'id','text','Chat ID',1,0,1,0,0,1,'{}',1),(69,9,'name','text','Chat Name',1,1,1,1,1,1,'{}',2),(70,9,'created_at','timestamp','Created At',0,0,1,0,0,1,'{}',3),(71,9,'updated_at','timestamp','Updated At',0,0,1,0,0,1,'{}',4),(72,9,'chat_belongstomany_user_relationship','relationship','Chat Members',0,1,1,1,1,1,'{\"model\":\"App\\\\Models\\\\User\",\"table\":\"users\",\"type\":\"belongsToMany\",\"column\":\"id\",\"key\":\"id\",\"label\":\"full_name\",\"pivot_table\":\"chat_user\",\"pivot\":\"1\",\"taggable\":\"on\"}',5),(73,10,'id','text','Id',1,0,0,0,0,0,'{}',1),(74,10,'title','text','Title',1,1,1,1,1,1,'{}',3),(75,10,'body','text','Body',1,1,1,1,1,1,'{}',4),(76,10,'status','select_dropdown','Status',1,1,1,1,1,1,'{\"default\":\"DRAFT\",\"options\":{\"PUBLISHED\":\"published\",\"DRAFT\":\"draft\",\"PENDING\":\"pending\"}}',5),(77,10,'user_id','hidden','User Id',1,1,1,1,1,1,'{}',2),(78,10,'created_at','timestamp','Created At',0,1,1,1,0,1,'{}',6),(79,10,'updated_at','timestamp','Updated At',0,0,0,0,0,0,'{}',7),(80,10,'request_belongsto_user_relationship','relationship','users',0,1,1,1,1,1,'{\"model\":\"App\\\\Models\\\\User\",\"table\":\"users\",\"type\":\"belongsTo\",\"column\":\"user_id\",\"key\":\"id\",\"label\":\"name\",\"pivot_table\":\"attachments\",\"pivot\":\"0\",\"taggable\":\"0\"}',8),(81,11,'id','text','Id',1,0,0,0,0,0,'{}',1),(82,11,'body','text_area','Body',1,1,1,1,1,1,'{\"display\":{\"width\":\"3\",\"id\":\"custom_id\"}}',4),(83,11,'post_id','hidden','Post Id',1,1,1,1,1,1,'{}',2),(84,11,'user_id','hidden','User Id',1,1,1,1,1,1,'{}',3),(85,11,'created_at','timestamp','Created At',0,1,0,0,0,1,'{\"display\":{\"width\":\"3\",\"id\":\"custom_id2\"}}',5),(86,11,'updated_at','timestamp','Updated At',0,1,0,0,0,0,'{\"display\":{\"width\":\"3\",\"id\":\"custom_id3\"}}',6),(87,11,'comment_belongsto_user_relationship','relationship','Author',0,1,1,1,1,1,'{\"display\":{\"width\":\"3\",\"id\":\"custom_id4\"},\"model\":\"App\\\\Models\\\\User\",\"table\":\"users\",\"type\":\"belongsTo\",\"column\":\"user_id\",\"key\":\"id\",\"label\":\"full_name\",\"pivot_table\":\"attachments\",\"pivot\":\"0\",\"taggable\":\"0\"}',7),(88,11,'comment_belongsto_post_relationship','relationship','Parent Post',0,1,1,1,1,1,'{\"display\":{\"width\":\"3\",\"id\":\"custom_id3\"},\"model\":\"App\\\\Models\\\\Post\",\"table\":\"posts\",\"type\":\"belongsTo\",\"column\":\"post_id\",\"key\":\"id\",\"label\":\"title\",\"pivot_table\":\"attachments\",\"pivot\":\"0\",\"taggable\":\"0\"}',8),(89,12,'id','text','Id',1,0,0,0,0,0,'{}',1),(90,12,'name','text','Name',1,1,1,1,1,1,'{}',3),(91,12,'description','text_area','Description',1,1,1,1,1,1,'{}',4),(92,12,'chat_id','hidden','Chat Id',1,1,1,1,1,1,'{}',2),(93,12,'created_at','timestamp','Created At',0,1,1,1,0,1,'{}',5),(94,12,'updated_at','timestamp','Updated At',0,0,0,0,0,0,'{}',6),(95,12,'note_belongsto_chat_relationship','relationship','Chat Name',0,1,1,1,1,1,'{\"model\":\"App\\\\Models\\\\Chat\",\"table\":\"chats\",\"type\":\"belongsTo\",\"column\":\"chat_id\",\"key\":\"id\",\"label\":\"name\",\"pivot_table\":\"attachments\",\"pivot\":\"0\",\"taggable\":\"0\"}',7),(96,14,'id','text','Id',1,0,0,0,0,0,'{}',1),(97,14,'chat_id','hidden','Chat ID',1,1,1,1,1,1,'{}',2),(98,14,'user_id','hidden','User ID',1,1,1,1,1,1,'{}',3),(99,14,'message','text_area','Message Body',0,1,1,1,1,1,'{}',4),(100,14,'status','text','Message Status',1,1,1,1,1,1,'{}',5),(101,14,'created_at','timestamp','Created At',0,1,1,1,0,1,'{}',6),(102,14,'updated_at','timestamp','Updated At',0,0,0,0,0,0,'{}',7),(103,14,'message_belongsto_user_relationship','relationship','Author',0,1,1,1,1,1,'{\"model\":\"App\\\\Models\\\\User\",\"table\":\"users\",\"type\":\"belongsTo\",\"column\":\"user_id\",\"key\":\"id\",\"label\":\"full_name\",\"pivot_table\":\"attachments\",\"pivot\":\"0\",\"taggable\":\"0\"}',8),(104,14,'message_belongsto_chat_relationship','relationship','Chat Name',0,1,1,1,1,1,'{\"model\":\"App\\\\Models\\\\Chat\",\"table\":\"chats\",\"type\":\"belongsTo\",\"column\":\"chat_id\",\"key\":\"id\",\"label\":\"name\",\"pivot_table\":\"attachments\",\"pivot\":\"0\",\"taggable\":\"0\"}',9),(105,5,'post_hasmany_comment_relationship','relationship','Commentaries',0,0,0,0,0,0,'{\"model\":\"App\\\\Models\\\\Comment\",\"table\":\"comments\",\"type\":\"hasMany\",\"column\":\"post_id\",\"key\":\"id\",\"label\":\"body\",\"pivot_table\":\"attachments\",\"pivot\":\"0\",\"taggable\":\"0\"}',14),(106,5,'post_belongsto_user_relationship','relationship','Author Name',0,1,0,0,0,0,'{\"model\":\"App\\\\Models\\\\User\",\"table\":\"users\",\"type\":\"belongsTo\",\"column\":\"author_id\",\"key\":\"id\",\"label\":\"full_name\",\"pivot_table\":\"attachments\",\"pivot\":\"0\",\"taggable\":\"0\"}',15),(107,15,'id','text','Id',1,0,0,0,0,0,'{}',1),(111,15,'created_at','timestamp','Created At',0,1,1,1,0,1,'{}',4),(112,15,'updated_at','timestamp','Updated At',0,0,0,0,0,0,'{}',5),(113,12,'user_id','hidden','User Id',1,1,1,1,1,1,'{}',7),(114,12,'note_belongsto_user_relationship','relationship','Author',0,1,1,1,1,1,'{\"model\":\"App\\\\Models\\\\User\",\"table\":\"users\",\"type\":\"belongsTo\",\"column\":\"user_id\",\"key\":\"id\",\"label\":\"full_name\",\"pivot_table\":\"attachments\",\"pivot\":\"0\",\"taggable\":\"0\"}',8),(115,1,'surname','text','Last Name',0,1,1,1,1,1,'{\"display\":{\"width\":\"6\"}}',3),(116,1,'email_verified_at','timestamp','Email Verified At',0,0,0,0,0,0,'{}',14),(117,1,'position','text','Position',0,1,1,1,1,1,'{\"display\":{\"width\":\"6\"}}',8),(118,1,'phone','text','Phone',0,1,1,1,1,1,'{\"display\":{\"width\":\"6\"}}',7),(119,15,'description','text','Description',0,1,1,1,1,1,'{}',3),(120,15,'resource_id','hidden','Resource Id',0,1,1,1,1,1,'{}',6),(121,15,'resource_belongsto_resource_relationship','relationship','resources',0,1,1,1,1,1,'{\"model\":\"App\\\\Models\\\\Resource\",\"table\":\"resources\",\"type\":\"belongsTo\",\"column\":\"resource_id\",\"key\":\"id\",\"label\":\"title\",\"pivot_table\":\"attachments\",\"pivot\":\"0\",\"taggable\":\"0\"}',7),(122,15,'title','text','Title',1,1,1,1,1,1,'{}',2),(123,16,'id','text','Id',1,0,0,0,0,0,'{}',1),(124,16,'created_at','timestamp','Created At',0,1,1,0,0,0,'{}',7),(125,16,'updated_at','timestamp','Updated At',0,1,1,0,0,0,'{}',8),(126,16,'description','text_area','Description',0,1,1,1,1,1,'{}',2),(127,16,'type','select_dropdown','Type',0,1,1,1,1,1,'{\"default\":\"LINK\",\"options\":{\"IMAGE\":\"image\",\"LINK\":\"link\",\"DOCUMENT\":\"document\",\"VIDEO\":\"video\",\"ARTICLE\":\"article\"}}',3),(128,16,'file','file','File',0,1,1,1,1,1,'{}',4),(129,16,'link','text','Link',0,1,1,1,1,1,'{}',6),(130,16,'resource_id','hidden','Resource Id',1,1,1,1,1,1,'{}',5),(131,16,'resource_attachment_belongsto_resource_relationship','relationship','resources',0,1,1,1,1,1,'{\"model\":\"App\\\\Models\\\\Resource\",\"table\":\"resources\",\"type\":\"belongsTo\",\"column\":\"resource_id\",\"key\":\"id\",\"label\":\"title\",\"pivot_table\":\"attachments\",\"pivot\":\"0\",\"taggable\":\"0\"}',9),(132,1,'location','text','Location',0,1,1,1,1,1,'{\"display\":{\"width\":\"6\"}}',9),(133,18,'id','text','Id',1,0,0,0,0,0,'{}',1),(134,18,'reactable_id','hidden','Reactable Id',1,0,0,1,1,1,'{}',2),(135,18,'reactable_type','hidden','Reactable Type',1,0,0,1,1,1,'{}',3),(136,18,'reacted','checkbox','Confirmed',1,1,1,1,1,1,'{\"on\":\"Confirmed\",\"off\":\"Unconfirmed\"}',4),(137,18,'user_id','hidden','User Id',1,0,0,1,1,1,'{}',5),(138,18,'created_at','timestamp','Created At',0,1,1,1,0,1,'{}',6),(139,18,'updated_at','timestamp','Updated At',0,0,0,0,0,0,'{}',7),(140,5,'post_hasmany_user_action_reaction_relationship','relationship','Action Required Status',0,0,0,0,0,0,'{\"model\":\"App\\\\Models\\\\UserActionReaction\",\"table\":\"user_action_reactions\",\"type\":\"hasMany\",\"column\":\"reactable_id\",\"key\":\"id\",\"label\":\"reacted\",\"pivot_table\":\"attachments\",\"pivot\":\"0\",\"taggable\":\"0\"}',16),(141,5,'required','checkbox','Type',1,1,0,1,1,1,'{\"on\":\"Action Required\",\"off\":\"Post\"}',8),(142,18,'user_action_reaction_belongsto_post_relationship','relationship','Post',0,1,1,1,1,1,'{\"model\":\"App\\\\Models\\\\Post\",\"table\":\"posts\",\"type\":\"belongsTo\",\"column\":\"reactable_id\",\"key\":\"id\",\"label\":\"title\",\"pivot_table\":\"attachments\",\"pivot\":\"0\",\"taggable\":\"0\"}',8),(143,18,'user_action_reaction_belongsto_user_relationship','relationship','User',0,1,1,1,1,1,'{\"model\":\"App\\\\Models\\\\User\",\"table\":\"users\",\"type\":\"belongsTo\",\"column\":\"user_id\",\"key\":\"id\",\"label\":\"email\",\"pivot_table\":\"attachments\",\"pivot\":\"0\",\"taggable\":\"0\"}',9),(144,9,'chat_hasmany_message_relationship','relationship','Chat Messages',0,0,1,0,0,1,'{\"model\":\"App\\\\Models\\\\Message\",\"table\":\"messages\",\"type\":\"hasMany\",\"column\":\"chat_id\",\"key\":\"id\",\"label\":\"message\",\"pivot_table\":\"attachments\",\"pivot\":\"0\",\"taggable\":\"0\"}',6),(145,9,'chat_hasone_note_relationship','relationship','Chat Notes',0,0,1,0,0,1,'{\"model\":\"App\\\\Models\\\\Note\",\"table\":\"notes\",\"type\":\"hasOne\",\"column\":\"chat_id\",\"key\":\"id\",\"label\":\"name\",\"pivot_table\":\"attachments\",\"pivot\":\"0\",\"taggable\":\"0\"}',7),(146,1,'deleted_at','timestamp','Deleted At',0,0,0,0,0,0,'{}',17),(148,12,'deleted_at','timestamp','Deleted At',0,0,0,0,0,0,'{}',8),(149,14,'deleted_at','timestamp','Deleted At',0,0,0,0,0,0,'{}',8),(150,5,'deleted_at','timestamp','Deleted At',0,0,0,0,0,0,'{}',9),(152,11,'deleted_at','timestamp','Deleted At',0,0,0,0,0,0,'{}',7),(153,5,'post_hasone_attachment_relationship','relationship','Attachment',0,1,1,1,1,1,'{\"model\":\"App\\\\Models\\\\Attachment\",\"table\":\"attachments\",\"type\":\"hasOne\",\"column\":\"attachable_id\",\"key\":\"id\",\"label\":\"filename\",\"pivot_table\":\"attachments\",\"pivot\":\"0\",\"taggable\":\"0\"}',17),(154,14,'message_hasone_attachment_relationship','relationship','Attachment',0,1,1,1,1,1,'{\"model\":\"App\\\\Models\\\\Attachment\",\"table\":\"attachments\",\"type\":\"hasOne\",\"column\":\"attachable_id\",\"key\":\"id\",\"label\":\"filename\",\"pivot_table\":\"attachments\",\"pivot\":\"0\",\"taggable\":\"0\"}',10),(155,1,'alt_image','image','Alternative Image',0,1,1,1,1,1,'{\"display\":{\"width\":\"6\"},\"resize\":{\"width\":\"500\",\"height\":null},\"thumbnails\":[{\"name\":\"medium\",\"scale\":\"50%\"},{\"name\":\"small\",\"scale\":\"25%\"},{\"name\":\"cropped-center\",\"crop\":{\"width\":\"250\",\"height\":\"250\"}}],\"upsize\":true,\"quality\":\"100%\"}',19);
/*!40000 ALTER TABLE `data_rows` ENABLE KEYS */;
UNLOCK TABLES;

--
-- Table structure for table `data_types`
--

DROP TABLE IF EXISTS `data_types`;
/*!40101 SET @saved_cs_client     = @@character_set_client */;
 SET character_set_client = utf8mb4 ;
CREATE TABLE `data_types` (
  `id` int unsigned NOT NULL AUTO_INCREMENT,
  `name` varchar(191) CHARACTER SET utf8mb4 COLLATE utf8mb4_unicode_ci NOT NULL,
  `slug` varchar(191) CHARACTER SET utf8mb4 COLLATE utf8mb4_unicode_ci NOT NULL,
  `display_name_singular` varchar(191) CHARACTER SET utf8mb4 COLLATE utf8mb4_unicode_ci NOT NULL,
  `display_name_plural` varchar(191) CHARACTER SET utf8mb4 COLLATE utf8mb4_unicode_ci NOT NULL,
  `icon` varchar(191) CHARACTER SET utf8mb4 COLLATE utf8mb4_unicode_ci DEFAULT NULL,
  `model_name` varchar(191) CHARACTER SET utf8mb4 COLLATE utf8mb4_unicode_ci DEFAULT NULL,
  `policy_name` varchar(191) CHARACTER SET utf8mb4 COLLATE utf8mb4_unicode_ci DEFAULT NULL,
  `controller` varchar(191) CHARACTER SET utf8mb4 COLLATE utf8mb4_unicode_ci DEFAULT NULL,
  `description` varchar(191) CHARACTER SET utf8mb4 COLLATE utf8mb4_unicode_ci DEFAULT NULL,
  `generate_permissions` tinyint(1) NOT NULL DEFAULT '0',
  `server_side` tinyint NOT NULL DEFAULT '0',
  `details` text CHARACTER SET utf8mb4 COLLATE utf8mb4_unicode_ci,
  `created_at` timestamp NULL DEFAULT NULL,
  `updated_at` timestamp NULL DEFAULT NULL,
  PRIMARY KEY (`id`),
  UNIQUE KEY `data_types_name_unique` (`name`),
  UNIQUE KEY `data_types_slug_unique` (`slug`)
) ENGINE=InnoDB AUTO_INCREMENT=20 DEFAULT CHARSET=utf8mb4 COLLATE=utf8mb4_unicode_ci;
/*!40101 SET character_set_client = @saved_cs_client */;

--
-- Dumping data for table `data_types`
--

LOCK TABLES `data_types` WRITE;
/*!40000 ALTER TABLE `data_types` DISABLE KEYS */;
INSERT INTO `data_types` VALUES (1,'users','users','User','Users','voyager-person','App\\Models\\User','TCG\\Voyager\\Policies\\UserPolicy','TCG\\Voyager\\Http\\Controllers\\VoyagerUserController',NULL,1,1,'{\"order_column\":null,\"order_display_column\":null,\"order_direction\":\"asc\",\"default_search_key\":\"email\",\"scope\":null}','2021-06-23 12:43:54','2021-09-15 14:02:32'),(2,'menus','menus','Menu','Menus','voyager-list','TCG\\Voyager\\Models\\Menu',NULL,'','',1,0,NULL,'2021-06-23 12:43:54','2021-06-23 12:43:54'),(3,'roles','roles','Role','Roles','voyager-lock','TCG\\Voyager\\Models\\Role',NULL,'TCG\\Voyager\\Http\\Controllers\\VoyagerRoleController','',1,0,NULL,'2021-06-23 12:43:54','2021-06-23 12:43:54'),(4,'categories','categories','Category','Categories','voyager-categories','TCG\\Voyager\\Models\\Category',NULL,'','',1,0,NULL,'2021-06-23 12:43:54','2021-06-23 12:43:54'),(5,'posts','posts','Post','Posts','voyager-news','App\\Models\\Post','TCG\\Voyager\\Policies\\PostPolicy',NULL,NULL,1,1,'{\"order_column\":null,\"order_display_column\":null,\"order_direction\":\"desc\",\"default_search_key\":\"created_at\",\"scope\":null}','2021-06-23 12:43:54','2021-08-10 17:00:50'),(6,'pages','pages','Page','Pages','voyager-file-text','TCG\\Voyager\\Models\\Page',NULL,'','',1,0,NULL,'2021-06-23 12:43:54','2021-06-23 12:43:54'),(7,'polls','polls','Poll','Polls','voyager-categories','App\\Models\\Poll',NULL,NULL,NULL,1,0,'{\"order_column\":null,\"order_display_column\":null,\"order_direction\":\"asc\",\"default_search_key\":null,\"scope\":null}','2021-06-23 13:11:19','2021-06-23 13:14:31'),(8,'options','options','Option','Options','voyager-list','App\\Models\\Option',NULL,NULL,NULL,1,0,'{\"order_column\":null,\"order_display_column\":null,\"order_direction\":\"asc\",\"default_search_key\":null}','2021-06-23 13:11:55','2021-06-23 13:11:55'),(9,'chats','chats','Chat','Chats','voyager-chat','App\\Models\\Chat',NULL,NULL,NULL,1,0,'{\"order_column\":null,\"order_display_column\":null,\"order_direction\":\"asc\",\"default_search_key\":null,\"scope\":null}','2021-06-23 13:16:14','2021-08-03 16:30:54'),(10,'requests','requests','Request','Requests','voyager-check','App\\Models\\Request',NULL,NULL,NULL,1,0,'{\"order_column\":\"id\",\"order_display_column\":\"title\",\"order_direction\":\"asc\",\"default_search_key\":null,\"scope\":null}','2021-06-23 13:23:28','2021-07-05 10:12:29'),(11,'comments','comments','Post Comment','Post Comments','voyager-group','App\\Models\\Comment',NULL,NULL,NULL,1,1,'{\"order_column\":null,\"order_display_column\":null,\"order_direction\":\"asc\",\"default_search_key\":\"body\",\"scope\":null}','2021-06-23 13:26:09','2021-08-04 16:24:44'),(12,'notes','notes','Note','Notes','voyager-file-text','App\\Models\\Note',NULL,NULL,NULL,1,1,'{\"order_column\":null,\"order_display_column\":null,\"order_direction\":\"asc\",\"default_search_key\":\"name\",\"scope\":null}','2021-06-23 13:29:45','2021-08-03 16:42:12'),(14,'messages','messages','Chat Message','Chat Messages','voyager-chat','App\\Models\\Message',NULL,NULL,'This is Description for Chat Messages. Update me if you need an extra explanations.',1,1,'{\"order_column\":null,\"order_display_column\":null,\"order_direction\":\"desc\",\"default_search_key\":\"created_at\",\"scope\":null}','2021-06-23 13:37:18','2021-08-04 14:35:02'),(15,'resources','resources','Resource','Resources','voyager-window-list','App\\Models\\Resource',NULL,NULL,NULL,1,0,'{\"order_column\":null,\"order_display_column\":null,\"order_direction\":\"asc\",\"default_search_key\":null,\"scope\":null}','2021-06-25 08:46:44','2021-07-06 18:26:48'),(16,'resource_attachments','resource-attachments','Resource Attachment','Resource Attachments','voyager-move','App\\Models\\ResourceAttachment',NULL,NULL,NULL,1,0,'{\"order_column\":\"id\",\"order_display_column\":null,\"order_direction\":\"asc\",\"default_search_key\":null,\"scope\":null}','2021-07-06 18:22:20','2021-07-06 18:25:01'),(18,'user_action_reactions','user-action-reactions','Action Required','Actions Required','voyager-list','App\\Models\\UserActionReaction',NULL,NULL,NULL,1,1,'{\"order_column\":\"reacted\",\"order_display_column\":\"reacted\",\"order_direction\":\"asc\",\"default_search_key\":\"created_at\",\"scope\":null}','2021-07-16 13:01:43','2021-09-28 19:53:53');
/*!40000 ALTER TABLE `data_types` ENABLE KEYS */;
UNLOCK TABLES;

--
-- Table structure for table `failed_jobs`
--

DROP TABLE IF EXISTS `failed_jobs`;
/*!40101 SET @saved_cs_client     = @@character_set_client */;
 SET character_set_client = utf8mb4 ;
CREATE TABLE `failed_jobs` (
  `id` bigint unsigned NOT NULL AUTO_INCREMENT,
  `uuid` varchar(191) CHARACTER SET utf8mb4 COLLATE utf8mb4_unicode_ci NOT NULL,
  `connection` text CHARACTER SET utf8mb4 COLLATE utf8mb4_unicode_ci NOT NULL,
  `queue` text CHARACTER SET utf8mb4 COLLATE utf8mb4_unicode_ci NOT NULL,
  `payload` longtext CHARACTER SET utf8mb4 COLLATE utf8mb4_unicode_ci NOT NULL,
  `exception` longtext CHARACTER SET utf8mb4 COLLATE utf8mb4_unicode_ci NOT NULL,
  `failed_at` timestamp NOT NULL DEFAULT CURRENT_TIMESTAMP,
  PRIMARY KEY (`id`),
  UNIQUE KEY `failed_jobs_uuid_unique` (`uuid`)
) ENGINE=InnoDB DEFAULT CHARSET=utf8mb4 COLLATE=utf8mb4_unicode_ci;
/*!40101 SET character_set_client = @saved_cs_client */;

--
-- Dumping data for table `failed_jobs`
--

LOCK TABLES `failed_jobs` WRITE;
/*!40000 ALTER TABLE `failed_jobs` DISABLE KEYS */;
/*!40000 ALTER TABLE `failed_jobs` ENABLE KEYS */;
UNLOCK TABLES;

--
-- Table structure for table `likes`
--

DROP TABLE IF EXISTS `likes`;
/*!40101 SET @saved_cs_client     = @@character_set_client */;
 SET character_set_client = utf8mb4 ;
CREATE TABLE `likes` (
  `id` bigint unsigned NOT NULL AUTO_INCREMENT,
  `likeable_id` int NOT NULL,
  `likeable_type` varchar(191) CHARACTER SET utf8mb4 COLLATE utf8mb4_unicode_ci NOT NULL,
  `user_id` bigint unsigned NOT NULL,
  `liked` tinyint NOT NULL DEFAULT '0',
  `created_at` timestamp NULL DEFAULT NULL,
  `updated_at` timestamp NULL DEFAULT NULL,
  PRIMARY KEY (`id`),
  UNIQUE KEY `likes_user_id_likeable_id_unique` (`user_id`,`likeable_id`),
  CONSTRAINT `likes_user_id_foreign` FOREIGN KEY (`user_id`) REFERENCES `users` (`id`) ON DELETE CASCADE
) ENGINE=InnoDB AUTO_INCREMENT=28 DEFAULT CHARSET=utf8mb4 COLLATE=utf8mb4_unicode_ci;
/*!40101 SET character_set_client = @saved_cs_client */;

--
-- Dumping data for table `likes`
--

LOCK TABLES `likes` WRITE;
/*!40000 ALTER TABLE `likes` DISABLE KEYS */;
/*!40000 ALTER TABLE `likes` ENABLE KEYS */;
UNLOCK TABLES;

--
-- Table structure for table `menu_items`
--

DROP TABLE IF EXISTS `menu_items`;
/*!40101 SET @saved_cs_client     = @@character_set_client */;
 SET character_set_client = utf8mb4 ;
CREATE TABLE `menu_items` (
  `id` int unsigned NOT NULL AUTO_INCREMENT,
  `menu_id` int unsigned DEFAULT NULL,
  `title` varchar(191) CHARACTER SET utf8mb4 COLLATE utf8mb4_unicode_ci NOT NULL,
  `url` varchar(191) CHARACTER SET utf8mb4 COLLATE utf8mb4_unicode_ci NOT NULL,
  `target` varchar(191) CHARACTER SET utf8mb4 COLLATE utf8mb4_unicode_ci NOT NULL DEFAULT '_self',
  `icon_class` varchar(191) CHARACTER SET utf8mb4 COLLATE utf8mb4_unicode_ci DEFAULT NULL,
  `color` varchar(191) CHARACTER SET utf8mb4 COLLATE utf8mb4_unicode_ci DEFAULT NULL,
  `parent_id` int DEFAULT NULL,
  `order` int NOT NULL,
  `created_at` timestamp NULL DEFAULT NULL,
  `updated_at` timestamp NULL DEFAULT NULL,
  `route` varchar(191) CHARACTER SET utf8mb4 COLLATE utf8mb4_unicode_ci DEFAULT NULL,
  `parameters` text CHARACTER SET utf8mb4 COLLATE utf8mb4_unicode_ci,
  PRIMARY KEY (`id`),
  KEY `menu_items_menu_id_foreign` (`menu_id`),
  CONSTRAINT `menu_items_menu_id_foreign` FOREIGN KEY (`menu_id`) REFERENCES `menus` (`id`) ON DELETE CASCADE
) ENGINE=InnoDB AUTO_INCREMENT=30 DEFAULT CHARSET=utf8mb4 COLLATE=utf8mb4_unicode_ci;
/*!40101 SET character_set_client = @saved_cs_client */;

--
-- Dumping data for table `menu_items`
--

LOCK TABLES `menu_items` WRITE;
/*!40000 ALTER TABLE `menu_items` DISABLE KEYS */;
INSERT INTO `menu_items` VALUES (1,1,'Dashboard','','_self','voyager-boat',NULL,5,1,'2021-06-23 12:43:54','2021-07-19 07:21:48','voyager.dashboard',NULL),(2,1,'Media','','_self','voyager-images',NULL,28,3,'2021-06-23 12:43:54','2021-09-10 11:41:13','voyager.media.index',NULL),(3,1,'Users','','_self','voyager-person',NULL,NULL,4,'2021-06-23 12:43:54','2021-09-10 11:40:31','voyager.users.index',NULL),(4,1,'Roles','','_self','voyager-lock',NULL,5,2,'2021-06-23 12:43:54','2021-07-19 07:21:48','voyager.roles.index',NULL),(5,1,'Tools','','_self','voyager-tools',NULL,NULL,5,'2021-06-23 12:43:54','2021-09-10 11:40:31',NULL,NULL),(6,1,'Menu Builder','','_self','voyager-list',NULL,5,4,'2021-06-23 12:43:54','2021-09-10 11:40:35','voyager.menus.index',NULL),(7,1,'Database','','_self','voyager-data',NULL,5,5,'2021-06-23 12:43:54','2021-09-10 11:40:35','voyager.database.index',NULL),(8,1,'Compass','','_self','voyager-compass',NULL,5,6,'2021-06-23 12:43:54','2021-09-10 11:40:35','voyager.compass.index',NULL),(9,1,'BREAD','','_self','voyager-bread',NULL,5,7,'2021-06-23 12:43:54','2021-09-10 11:40:35','voyager.bread.index',NULL),(10,1,'Settings','','_self','voyager-settings',NULL,5,9,'2021-06-23 12:43:54','2021-09-10 11:40:35','voyager.settings.index',NULL),(12,1,'Posts','','_self','voyager-news',NULL,27,1,'2021-06-23 12:43:54','2021-07-20 15:45:49','voyager.posts.index',NULL),(14,1,'Hooks','','_self','voyager-hook',NULL,5,8,'2021-06-23 12:43:54','2021-09-10 11:40:35','voyager.hooks',NULL),(16,1,'Options','','_self','voyager-list',NULL,5,10,'2021-06-23 13:11:55','2021-09-10 11:40:35','voyager.options.index',NULL),(17,1,'Chats','','_self','voyager-chat',NULL,26,1,'2021-06-23 13:16:14','2021-07-20 15:45:20','voyager.chats.index',NULL),(18,1,'Requests','','_self','voyager-check',NULL,5,3,'2021-06-23 13:23:28','2021-07-19 07:21:48','voyager.requests.index',NULL),(19,1,'Comments','','_self','voyager-group',NULL,27,2,'2021-06-23 13:26:09','2021-07-20 15:45:51','voyager.comments.index',NULL),(20,1,'Notes','','_self','voyager-file-text',NULL,26,3,'2021-06-23 13:29:45','2021-07-20 15:45:23','voyager.notes.index',NULL),(21,1,'Messages','','_self','voyager-bubble',NULL,26,2,'2021-06-23 13:37:18','2021-07-20 15:45:23','voyager.messages.index',NULL),(24,1,'Resources','','_self','voyager-upload','#000000',28,1,'2021-07-07 11:40:26','2021-09-10 11:42:09','filemanager.index','null'),(25,1,'Action Required','','_self','voyager-list','#000000',27,3,'2021-07-16 13:01:43','2021-08-09 16:40:54','voyager.user-action-reactions.index','null'),(26,1,'Chats','','_self','voyager-chat','#000000',NULL,2,'2021-07-20 15:45:13','2021-07-20 15:46:31',NULL,''),(27,1,'Feed','','_self','voyager-news','#000000',NULL,1,'2021-07-20 15:45:35','2021-07-20 15:46:21',NULL,''),(28,1,'Media Manager','','_self','voyager-archive','#000000',NULL,3,'2021-09-10 11:40:24','2021-09-10 11:40:30',NULL,''),(29,1,'Attachments','','_self','voyager-photos','#000000',28,2,'2021-09-10 11:41:08','2021-09-10 11:41:45','filemanager-attachments.index','null');
/*!40000 ALTER TABLE `menu_items` ENABLE KEYS */;
UNLOCK TABLES;

--
-- Table structure for table `menus`
--

DROP TABLE IF EXISTS `menus`;
/*!40101 SET @saved_cs_client     = @@character_set_client */;
 SET character_set_client = utf8mb4 ;
CREATE TABLE `menus` (
  `id` int unsigned NOT NULL AUTO_INCREMENT,
  `name` varchar(191) CHARACTER SET utf8mb4 COLLATE utf8mb4_unicode_ci NOT NULL,
  `created_at` timestamp NULL DEFAULT NULL,
  `updated_at` timestamp NULL DEFAULT NULL,
  PRIMARY KEY (`id`),
  UNIQUE KEY `menus_name_unique` (`name`)
) ENGINE=InnoDB AUTO_INCREMENT=2 DEFAULT CHARSET=utf8mb4 COLLATE=utf8mb4_unicode_ci;
/*!40101 SET character_set_client = @saved_cs_client */;

--
-- Dumping data for table `menus`
--

LOCK TABLES `menus` WRITE;
/*!40000 ALTER TABLE `menus` DISABLE KEYS */;
INSERT INTO `menus` VALUES (1,'admin','2021-06-23 12:43:54','2021-06-23 12:43:54');
/*!40000 ALTER TABLE `menus` ENABLE KEYS */;
UNLOCK TABLES;

--
-- Table structure for table `message_reads`
--

DROP TABLE IF EXISTS `message_reads`;
/*!40101 SET @saved_cs_client     = @@character_set_client */;
 SET character_set_client = utf8mb4 ;
CREATE TABLE `message_reads` (
  `id` bigint unsigned NOT NULL AUTO_INCREMENT,
  `message_id` bigint unsigned NOT NULL,
  `user_id` bigint unsigned NOT NULL,
  `seen` int NOT NULL DEFAULT '0',
  `created_at` timestamp NULL DEFAULT NULL,
  `updated_at` timestamp NULL DEFAULT NULL,
  PRIMARY KEY (`id`),
  KEY `message_reads_message_id_foreign` (`message_id`),
  KEY `message_reads_user_id_foreign` (`user_id`),
  CONSTRAINT `message_reads_message_id_foreign` FOREIGN KEY (`message_id`) REFERENCES `messages` (`id`) ON DELETE CASCADE,
  CONSTRAINT `message_reads_user_id_foreign` FOREIGN KEY (`user_id`) REFERENCES `users` (`id`) ON DELETE CASCADE
) ENGINE=InnoDB AUTO_INCREMENT=144 DEFAULT CHARSET=utf8mb4 COLLATE=utf8mb4_unicode_ci;
/*!40101 SET character_set_client = @saved_cs_client */;

--
-- Dumping data for table `message_reads`
--

LOCK TABLES `message_reads` WRITE;
/*!40000 ALTER TABLE `message_reads` DISABLE KEYS */;
/*!40000 ALTER TABLE `message_reads` ENABLE KEYS */;
UNLOCK TABLES;

--
-- Table structure for table `messages`
--

DROP TABLE IF EXISTS `messages`;
/*!40101 SET @saved_cs_client     = @@character_set_client */;
 SET character_set_client = utf8mb4 ;
CREATE TABLE `messages` (
  `id` bigint unsigned NOT NULL AUTO_INCREMENT,
  `chat_id` bigint unsigned NOT NULL,
  `user_id` bigint unsigned NOT NULL,
  `message` text CHARACTER SET utf8mb4 COLLATE utf8mb4_unicode_ci,
  `status` varchar(191) CHARACTER SET utf8mb4 COLLATE utf8mb4_unicode_ci NOT NULL,
  `created_at` timestamp NULL DEFAULT NULL,
  `updated_at` timestamp NULL DEFAULT NULL,
  `deleted_at` timestamp NULL DEFAULT NULL,
  PRIMARY KEY (`id`),
  KEY `messages_chat_id_foreign` (`chat_id`),
  KEY `messages_user_id_foreign` (`user_id`),
  CONSTRAINT `messages_chat_id_foreign` FOREIGN KEY (`chat_id`) REFERENCES `chats` (`id`) ON DELETE CASCADE,
  CONSTRAINT `messages_user_id_foreign` FOREIGN KEY (`user_id`) REFERENCES `users` (`id`) ON DELETE CASCADE
) ENGINE=InnoDB AUTO_INCREMENT=38 DEFAULT CHARSET=utf8mb4 COLLATE=utf8mb4_unicode_ci;
/*!40101 SET character_set_client = @saved_cs_client */;

--
-- Dumping data for table `messages`
--

LOCK TABLES `messages` WRITE;
/*!40000 ALTER TABLE `messages` DISABLE KEYS */;
/*!40000 ALTER TABLE `messages` ENABLE KEYS */;
UNLOCK TABLES;

--
-- Table structure for table `migrations`
--

DROP TABLE IF EXISTS `migrations`;
/*!40101 SET @saved_cs_client     = @@character_set_client */;
 SET character_set_client = utf8mb4 ;
CREATE TABLE `migrations` (
  `id` int unsigned NOT NULL AUTO_INCREMENT,
  `migration` varchar(191) CHARACTER SET utf8mb4 COLLATE utf8mb4_unicode_ci NOT NULL,
  `batch` int NOT NULL,
  PRIMARY KEY (`id`)
) ENGINE=InnoDB AUTO_INCREMENT=53 DEFAULT CHARSET=utf8mb4 COLLATE=utf8mb4_unicode_ci;
/*!40101 SET character_set_client = @saved_cs_client */;

--
-- Dumping data for table `migrations`
--

LOCK TABLES `migrations` WRITE;
/*!40000 ALTER TABLE `migrations` DISABLE KEYS */;
INSERT INTO `migrations` VALUES (1,'2014_10_12_000000_create_users_table',1),(2,'2014_10_12_100000_create_password_resets_table',1),(3,'2016_01_01_000000_add_voyager_user_fields',1),(4,'2016_01_01_000000_create_data_types_table',1),(5,'2016_01_01_000000_create_pages_table',1),(6,'2016_01_01_000000_create_posts_table',1),(7,'2016_02_15_204651_create_categories_table',1),(8,'2016_05_19_173453_create_menu_table',1),(9,'2016_10_21_190000_create_roles_table',1),(10,'2016_10_21_190000_create_settings_table',1),(11,'2016_11_30_135954_create_permission_table',1),(12,'2016_11_30_141208_create_permission_role_table',1),(13,'2016_12_26_201236_data_types__add__server_side',1),(14,'2017_01_13_000000_add_route_to_menu_items_table',1),(15,'2017_01_14_005015_create_translations_table',1),(16,'2017_01_15_000000_make_table_name_nullable_in_permissions_table',1),(17,'2017_03_06_000000_add_controller_to_data_types_table',1),(18,'2017_04_11_000000_alter_post_nullable_fields_table',1),(19,'2017_04_21_000000_add_order_to_data_rows_table',1),(20,'2017_07_05_210000_add_policyname_to_data_types_table',1),(21,'2017_08_05_000000_add_group_to_settings_table',1),(22,'2017_11_26_013050_add_user_role_relationship',1),(23,'2017_11_26_015000_create_user_roles_table',1),(24,'2018_03_11_000000_add_user_settings',1),(25,'2018_03_14_000000_add_details_to_data_types_table',1),(26,'2018_03_16_000000_make_settings_value_nullable',1),(27,'2019_08_19_000000_create_failed_jobs_table',1),(28,'2019_12_14_000001_create_personal_access_tokens_table',1),(29,'2021_04_02_081313_create_chats_table',1),(30,'2021_04_02_081314_create_notes_table',1),(31,'2021_04_02_081331_create_messages_table',1),(32,'2021_04_02_081512_create_attachments_table',1),(33,'2021_04_08_150807_create_chat_user_table',1),(34,'2021_04_08_151008_create_comments_table',1),(35,'2021_04_08_151020_create_likes_table',1),(36,'2021_04_08_153035_create_polls_table',1),(37,'2021_04_08_153054_create_options_table',1),(38,'2021_06_11_114351_create_resources_table',1),(39,'2021_06_21_195820_create_option_user_table',1),(40,'2021_06_23_063422_create_requests_table',1),(41,'2021_06_24_093443_create_notifications_table',2),(44,'2021_07_05_114500_create_resource_attachments_table',3),(46,'2021_07_15_125415_create_user_action_reactions_table',4),(50,'2021_07_16_152121_add_required_column_on_posts_table',5),(51,'2021_07_22_105739_add_deleted_at_columns',5),(52,'2021_07_26_121931_create_message_reads_table',5);
/*!40000 ALTER TABLE `migrations` ENABLE KEYS */;
UNLOCK TABLES;

--
-- Table structure for table `notes`
--

DROP TABLE IF EXISTS `notes`;
/*!40101 SET @saved_cs_client     = @@character_set_client */;
 SET character_set_client = utf8mb4 ;
CREATE TABLE `notes` (
  `id` bigint unsigned NOT NULL AUTO_INCREMENT,
  `name` varchar(191) CHARACTER SET utf8mb4 COLLATE utf8mb4_unicode_ci NOT NULL,
  `description` text CHARACTER SET utf8mb4 COLLATE utf8mb4_unicode_ci NOT NULL,
  `chat_id` bigint unsigned NOT NULL,
  `created_at` timestamp NULL DEFAULT NULL,
  `updated_at` timestamp NULL DEFAULT NULL,
  `user_id` bigint unsigned NOT NULL,
  `deleted_at` timestamp NULL DEFAULT NULL,
  PRIMARY KEY (`id`),
  KEY `notes_chat_id_foreign` (`chat_id`),
  CONSTRAINT `notes_chat_id_foreign` FOREIGN KEY (`chat_id`) REFERENCES `chats` (`id`) ON DELETE CASCADE
) ENGINE=InnoDB AUTO_INCREMENT=5 DEFAULT CHARSET=utf8mb4 COLLATE=utf8mb4_unicode_ci;
/*!40101 SET character_set_client = @saved_cs_client */;

--
-- Dumping data for table `notes`
--

LOCK TABLES `notes` WRITE;
/*!40000 ALTER TABLE `notes` DISABLE KEYS */;
/*!40000 ALTER TABLE `notes` ENABLE KEYS */;
UNLOCK TABLES;

--
-- Table structure for table `notifications`
--

DROP TABLE IF EXISTS `notifications`;
/*!40101 SET @saved_cs_client     = @@character_set_client */;
 SET character_set_client = utf8mb4 ;
CREATE TABLE `notifications` (
  `id` char(36) CHARACTER SET utf8mb4 COLLATE utf8mb4_unicode_ci NOT NULL,
  `type` varchar(191) CHARACTER SET utf8mb4 COLLATE utf8mb4_unicode_ci NOT NULL,
  `notifiable_type` varchar(191) CHARACTER SET utf8mb4 COLLATE utf8mb4_unicode_ci NOT NULL,
  `notifiable_id` bigint unsigned NOT NULL,
  `data` text CHARACTER SET utf8mb4 COLLATE utf8mb4_unicode_ci NOT NULL,
  `read_at` timestamp NULL DEFAULT NULL,
  `created_at` timestamp NULL DEFAULT NULL,
  `updated_at` timestamp NULL DEFAULT NULL,
  PRIMARY KEY (`id`),
  KEY `notifications_notifiable_type_notifiable_id_index` (`notifiable_type`,`notifiable_id`)
) ENGINE=InnoDB DEFAULT CHARSET=utf8mb4 COLLATE=utf8mb4_unicode_ci;
/*!40101 SET character_set_client = @saved_cs_client */;

--
-- Dumping data for table `notifications`
--

LOCK TABLES `notifications` WRITE;
/*!40000 ALTER TABLE `notifications` DISABLE KEYS */;
/*!40000 ALTER TABLE `notifications` ENABLE KEYS */;
UNLOCK TABLES;

--
-- Table structure for table `option_user`
--

DROP TABLE IF EXISTS `option_user`;
/*!40101 SET @saved_cs_client     = @@character_set_client */;
 SET character_set_client = utf8mb4 ;
CREATE TABLE `option_user` (
  `id` bigint unsigned NOT NULL AUTO_INCREMENT,
  `option_id` bigint unsigned NOT NULL,
  `user_id` bigint unsigned NOT NULL,
  `created_at` timestamp NULL DEFAULT NULL,
  `updated_at` timestamp NULL DEFAULT NULL,
  PRIMARY KEY (`id`),
  KEY `option_user_option_id_foreign` (`option_id`),
  KEY `option_user_user_id_foreign` (`user_id`),
  CONSTRAINT `option_user_option_id_foreign` FOREIGN KEY (`option_id`) REFERENCES `options` (`id`) ON DELETE CASCADE,
  CONSTRAINT `option_user_user_id_foreign` FOREIGN KEY (`user_id`) REFERENCES `users` (`id`) ON DELETE CASCADE
) ENGINE=InnoDB AUTO_INCREMENT=22 DEFAULT CHARSET=utf8mb4 COLLATE=utf8mb4_unicode_ci;
/*!40101 SET character_set_client = @saved_cs_client */;

--
-- Dumping data for table `option_user`
--

LOCK TABLES `option_user` WRITE;
/*!40000 ALTER TABLE `option_user` DISABLE KEYS */;
/*!40000 ALTER TABLE `option_user` ENABLE KEYS */;
UNLOCK TABLES;

--
-- Table structure for table `options`
--

DROP TABLE IF EXISTS `options`;
/*!40101 SET @saved_cs_client     = @@character_set_client */;
 SET character_set_client = utf8mb4 ;
CREATE TABLE `options` (
  `id` bigint unsigned NOT NULL AUTO_INCREMENT,
  `name` varchar(191) CHARACTER SET utf8mb4 COLLATE utf8mb4_unicode_ci NOT NULL,
  `poll_id` bigint unsigned NOT NULL,
  `created_at` timestamp NULL DEFAULT NULL,
  `updated_at` timestamp NULL DEFAULT NULL,
  PRIMARY KEY (`id`),
  KEY `options_poll_id_foreign` (`poll_id`),
  CONSTRAINT `options_poll_id_foreign` FOREIGN KEY (`poll_id`) REFERENCES `polls` (`id`) ON DELETE CASCADE
) ENGINE=InnoDB AUTO_INCREMENT=5 DEFAULT CHARSET=utf8mb4 COLLATE=utf8mb4_unicode_ci;
/*!40101 SET character_set_client = @saved_cs_client */;

--
-- Dumping data for table `options`
--

LOCK TABLES `options` WRITE;
/*!40000 ALTER TABLE `options` DISABLE KEYS */;
/*!40000 ALTER TABLE `options` ENABLE KEYS */;
UNLOCK TABLES;

--
-- Table structure for table `pages`
--

DROP TABLE IF EXISTS `pages`;
/*!40101 SET @saved_cs_client     = @@character_set_client */;
 SET character_set_client = utf8mb4 ;
CREATE TABLE `pages` (
  `id` int unsigned NOT NULL AUTO_INCREMENT,
  `author_id` int NOT NULL,
  `title` varchar(191) CHARACTER SET utf8mb4 COLLATE utf8mb4_unicode_ci NOT NULL,
  `excerpt` text CHARACTER SET utf8mb4 COLLATE utf8mb4_unicode_ci,
  `body` text CHARACTER SET utf8mb4 COLLATE utf8mb4_unicode_ci,
  `image` varchar(191) CHARACTER SET utf8mb4 COLLATE utf8mb4_unicode_ci DEFAULT NULL,
  `slug` varchar(191) CHARACTER SET utf8mb4 COLLATE utf8mb4_unicode_ci NOT NULL,
  `meta_description` text CHARACTER SET utf8mb4 COLLATE utf8mb4_unicode_ci,
  `meta_keywords` text CHARACTER SET utf8mb4 COLLATE utf8mb4_unicode_ci,
  `status` enum('ACTIVE','INACTIVE') CHARACTER SET utf8mb4 COLLATE utf8mb4_unicode_ci NOT NULL DEFAULT 'INACTIVE',
  `created_at` timestamp NULL DEFAULT NULL,
  `updated_at` timestamp NULL DEFAULT NULL,
  PRIMARY KEY (`id`),
  UNIQUE KEY `pages_slug_unique` (`slug`)
) ENGINE=InnoDB AUTO_INCREMENT=2 DEFAULT CHARSET=utf8mb4 COLLATE=utf8mb4_unicode_ci;
/*!40101 SET character_set_client = @saved_cs_client */;

--
-- Dumping data for table `pages`
--

LOCK TABLES `pages` WRITE;
/*!40000 ALTER TABLE `pages` DISABLE KEYS */;
/*!40000 ALTER TABLE `pages` ENABLE KEYS */;
UNLOCK TABLES;

--
-- Table structure for table `password_resets`
--

DROP TABLE IF EXISTS `password_resets`;
/*!40101 SET @saved_cs_client     = @@character_set_client */;
 SET character_set_client = utf8mb4 ;
CREATE TABLE `password_resets` (
  `email` varchar(191) CHARACTER SET utf8mb4 COLLATE utf8mb4_unicode_ci NOT NULL,
  `token` varchar(191) CHARACTER SET utf8mb4 COLLATE utf8mb4_unicode_ci NOT NULL,
  `created_at` timestamp NULL DEFAULT NULL,
  KEY `password_resets_email_index` (`email`)
) ENGINE=InnoDB DEFAULT CHARSET=utf8mb4 COLLATE=utf8mb4_unicode_ci;
/*!40101 SET character_set_client = @saved_cs_client */;

--
-- Dumping data for table `password_resets`
--

LOCK TABLES `password_resets` WRITE;
/*!40000 ALTER TABLE `password_resets` DISABLE KEYS */;
/*!40000 ALTER TABLE `password_resets` ENABLE KEYS */;
UNLOCK TABLES;

--
-- Table structure for table `permission_role`
--

DROP TABLE IF EXISTS `permission_role`;
/*!40101 SET @saved_cs_client     = @@character_set_client */;
 SET character_set_client = utf8mb4 ;
CREATE TABLE `permission_role` (
  `permission_id` bigint unsigned NOT NULL,
  `role_id` bigint unsigned NOT NULL,
  PRIMARY KEY (`permission_id`,`role_id`),
  KEY `permission_role_permission_id_index` (`permission_id`),
  KEY `permission_role_role_id_index` (`role_id`),
  CONSTRAINT `permission_role_permission_id_foreign` FOREIGN KEY (`permission_id`) REFERENCES `permissions` (`id`) ON DELETE CASCADE,
  CONSTRAINT `permission_role_role_id_foreign` FOREIGN KEY (`role_id`) REFERENCES `roles` (`id`) ON DELETE CASCADE
) ENGINE=InnoDB DEFAULT CHARSET=utf8mb4 COLLATE=utf8mb4_unicode_ci;
/*!40101 SET character_set_client = @saved_cs_client */;

--
-- Dumping data for table `permission_role`
--

LOCK TABLES `permission_role` WRITE;
/*!40000 ALTER TABLE `permission_role` DISABLE KEYS */;
INSERT INTO `permission_role` VALUES (1,1),(2,1),(3,1),(4,1),(5,1),(6,1),(7,1),(8,1),(9,1),(10,1),(11,1),(12,1),(13,1),(14,1),(15,1),(16,1),(17,1),(18,1),(19,1),(20,1),(21,1),(22,1),(23,1),(24,1),(25,1),(26,1),(27,1),(28,1),(29,1),(30,1),(31,1),(32,1),(33,1),(34,1),(35,1),(36,1),(37,1),(38,1),(39,1),(40,1),(42,1),(43,1),(44,1),(45,1),(46,1),(47,1),(48,1),(49,1),(50,1),(51,1),(52,1),(53,1),(54,1),(55,1),(56,1),(57,1),(58,1),(59,1),(60,1),(61,1),(62,1),(64,1),(65,1),(66,1),(67,1),(68,1),(69,1),(70,1),(71,1),(72,1),(73,1),(74,1),(75,1),(76,1),(77,1),(78,1),(79,1),(80,1),(81,1),(82,1),(83,1),(84,1),(85,1),(86,1),(87,1),(89,1);
/*!40000 ALTER TABLE `permission_role` ENABLE KEYS */;
UNLOCK TABLES;

--
-- Table structure for table `permissions`
--

DROP TABLE IF EXISTS `permissions`;
/*!40101 SET @saved_cs_client     = @@character_set_client */;
 SET character_set_client = utf8mb4 ;
CREATE TABLE `permissions` (
  `id` bigint unsigned NOT NULL AUTO_INCREMENT,
  `key` varchar(191) CHARACTER SET utf8mb4 COLLATE utf8mb4_unicode_ci NOT NULL,
  `table_name` varchar(191) CHARACTER SET utf8mb4 COLLATE utf8mb4_unicode_ci DEFAULT NULL,
  `created_at` timestamp NULL DEFAULT NULL,
  `updated_at` timestamp NULL DEFAULT NULL,
  PRIMARY KEY (`id`),
  KEY `permissions_key_index` (`key`)
) ENGINE=InnoDB AUTO_INCREMENT=92 DEFAULT CHARSET=utf8mb4 COLLATE=utf8mb4_unicode_ci;
/*!40101 SET character_set_client = @saved_cs_client */;

--
-- Dumping data for table `permissions`
--

LOCK TABLES `permissions` WRITE;
/*!40000 ALTER TABLE `permissions` DISABLE KEYS */;
INSERT INTO `permissions` VALUES (1,'browse_admin',NULL,'2021-06-23 12:43:54','2021-06-23 12:43:54'),(2,'browse_bread',NULL,'2021-06-23 12:43:54','2021-06-23 12:43:54'),(3,'browse_database',NULL,'2021-06-23 12:43:54','2021-06-23 12:43:54'),(4,'browse_media',NULL,'2021-06-23 12:43:54','2021-06-23 12:43:54'),(5,'browse_compass',NULL,'2021-06-23 12:43:54','2021-06-23 12:43:54'),(6,'browse_menus','menus','2021-06-23 12:43:54','2021-06-23 12:43:54'),(7,'read_menus','menus','2021-06-23 12:43:54','2021-06-23 12:43:54'),(8,'edit_menus','menus','2021-06-23 12:43:54','2021-06-23 12:43:54'),(9,'add_menus','menus','2021-06-23 12:43:54','2021-06-23 12:43:54'),(10,'delete_menus','menus','2021-06-23 12:43:54','2021-06-23 12:43:54'),(11,'browse_roles','roles','2021-06-23 12:43:54','2021-06-23 12:43:54'),(12,'read_roles','roles','2021-06-23 12:43:54','2021-06-23 12:43:54'),(13,'edit_roles','roles','2021-06-23 12:43:54','2021-06-23 12:43:54'),(14,'add_roles','roles','2021-06-23 12:43:54','2021-06-23 12:43:54'),(15,'delete_roles','roles','2021-06-23 12:43:54','2021-06-23 12:43:54'),(16,'browse_users','users','2021-06-23 12:43:54','2021-06-23 12:43:54'),(17,'read_users','users','2021-06-23 12:43:54','2021-06-23 12:43:54'),(18,'edit_users','users','2021-06-23 12:43:54','2021-06-23 12:43:54'),(19,'add_users','users','2021-06-23 12:43:54','2021-06-23 12:43:54'),(20,'delete_users','users','2021-06-23 12:43:54','2021-06-23 12:43:54'),(21,'browse_settings','settings','2021-06-23 12:43:54','2021-06-23 12:43:54'),(22,'read_settings','settings','2021-06-23 12:43:54','2021-06-23 12:43:54'),(23,'edit_settings','settings','2021-06-23 12:43:54','2021-06-23 12:43:54'),(24,'add_settings','settings','2021-06-23 12:43:54','2021-06-23 12:43:54'),(25,'delete_settings','settings','2021-06-23 12:43:54','2021-06-23 12:43:54'),(26,'browse_categories','categories','2021-06-23 12:43:54','2021-06-23 12:43:54'),(27,'read_categories','categories','2021-06-23 12:43:54','2021-06-23 12:43:54'),(28,'edit_categories','categories','2021-06-23 12:43:54','2021-06-23 12:43:54'),(29,'add_categories','categories','2021-06-23 12:43:54','2021-06-23 12:43:54'),(30,'delete_categories','categories','2021-06-23 12:43:54','2021-06-23 12:43:54'),(31,'browse_posts','posts','2021-06-23 12:43:54','2021-06-23 12:43:54'),(32,'read_posts','posts','2021-06-23 12:43:54','2021-06-23 12:43:54'),(33,'edit_posts','posts','2021-06-23 12:43:54','2021-06-23 12:43:54'),(34,'add_posts','posts','2021-06-23 12:43:54','2021-06-23 12:43:54'),(35,'delete_posts','posts','2021-06-23 12:43:54','2021-06-23 12:43:54'),(36,'browse_pages','pages','2021-06-23 12:43:54','2021-06-23 12:43:54'),(37,'read_pages','pages','2021-06-23 12:43:54','2021-06-23 12:43:54'),(38,'edit_pages','pages','2021-06-23 12:43:54','2021-06-23 12:43:54'),(39,'add_pages','pages','2021-06-23 12:43:54','2021-06-23 12:43:54'),(40,'delete_pages','pages','2021-06-23 12:43:54','2021-06-23 12:43:54'),(41,'browse_hooks',NULL,'2021-06-23 12:43:54','2021-06-23 12:43:54'),(42,'browse_polls','polls','2021-06-23 13:11:19','2021-06-23 13:11:19'),(43,'read_polls','polls','2021-06-23 13:11:19','2021-06-23 13:11:19'),(44,'edit_polls','polls','2021-06-23 13:11:19','2021-06-23 13:11:19'),(45,'add_polls','polls','2021-06-23 13:11:19','2021-06-23 13:11:19'),(46,'delete_polls','polls','2021-06-23 13:11:19','2021-06-23 13:11:19'),(47,'browse_options','options','2021-06-23 13:11:55','2021-06-23 13:11:55'),(48,'read_options','options','2021-06-23 13:11:55','2021-06-23 13:11:55'),(49,'edit_options','options','2021-06-23 13:11:55','2021-06-23 13:11:55'),(50,'add_options','options','2021-06-23 13:11:55','2021-06-23 13:11:55'),(51,'delete_options','options','2021-06-23 13:11:55','2021-06-23 13:11:55'),(52,'browse_chats','chats','2021-06-23 13:16:14','2021-06-23 13:16:14'),(53,'read_chats','chats','2021-06-23 13:16:14','2021-06-23 13:16:14'),(54,'edit_chats','chats','2021-06-23 13:16:14','2021-06-23 13:16:14'),(55,'add_chats','chats','2021-06-23 13:16:14','2021-06-23 13:16:14'),(56,'delete_chats','chats','2021-06-23 13:16:14','2021-06-23 13:16:14'),(57,'browse_requests','requests','2021-06-23 13:23:28','2021-06-23 13:23:28'),(58,'read_requests','requests','2021-06-23 13:23:28','2021-06-23 13:23:28'),(59,'edit_requests','requests','2021-06-23 13:23:28','2021-06-23 13:23:28'),(60,'add_requests','requests','2021-06-23 13:23:28','2021-06-23 13:23:28'),(61,'delete_requests','requests','2021-06-23 13:23:28','2021-06-23 13:23:28'),(62,'browse_comments','comments','2021-06-23 13:26:09','2021-06-23 13:26:09'),(63,'read_comments','comments','2021-06-23 13:26:09','2021-06-23 13:26:09'),(64,'edit_comments','comments','2021-06-23 13:26:09','2021-06-23 13:26:09'),(65,'add_comments','comments','2021-06-23 13:26:09','2021-06-23 13:26:09'),(66,'delete_comments','comments','2021-06-23 13:26:09','2021-06-23 13:26:09'),(67,'browse_notes','notes','2021-06-23 13:29:45','2021-06-23 13:29:45'),(68,'read_notes','notes','2021-06-23 13:29:45','2021-06-23 13:29:45'),(69,'edit_notes','notes','2021-06-23 13:29:45','2021-06-23 13:29:45'),(70,'add_notes','notes','2021-06-23 13:29:45','2021-06-23 13:29:45'),(71,'delete_notes','notes','2021-06-23 13:29:45','2021-06-23 13:29:45'),(72,'browse_messages','messages','2021-06-23 13:37:18','2021-06-23 13:37:18'),(73,'read_messages','messages','2021-06-23 13:37:18','2021-06-23 13:37:18'),(74,'edit_messages','messages','2021-06-23 13:37:18','2021-06-23 13:37:18'),(75,'add_messages','messages','2021-06-23 13:37:18','2021-06-23 13:37:18'),(76,'delete_messages','messages','2021-06-23 13:37:18','2021-06-23 13:37:18'),(77,'browse_resources','resources','2021-06-25 08:46:44','2021-06-25 08:46:44'),(78,'read_resources','resources','2021-06-25 08:46:44','2021-06-25 08:46:44'),(79,'edit_resources','resources','2021-06-25 08:46:44','2021-06-25 08:46:44'),(80,'add_resources','resources','2021-06-25 08:46:44','2021-06-25 08:46:44'),(81,'delete_resources','resources','2021-06-25 08:46:44','2021-06-25 08:46:44'),(82,'browse_resource_attachments','resource_attachments','2021-07-06 18:22:20','2021-07-06 18:22:20'),(83,'read_resource_attachments','resource_attachments','2021-07-06 18:22:20','2021-07-06 18:22:20'),(84,'edit_resource_attachments','resource_attachments','2021-07-06 18:22:20','2021-07-06 18:22:20'),(85,'add_resource_attachments','resource_attachments','2021-07-06 18:22:20','2021-07-06 18:22:20'),(86,'delete_resource_attachments','resource_attachments','2021-07-06 18:22:20','2021-07-06 18:22:20'),(87,'browse_user_action_reactions','user_action_reactions','2021-07-16 13:01:43','2021-07-16 13:01:43'),(88,'read_user_action_reactions','user_action_reactions','2021-07-16 13:01:43','2021-07-16 13:01:43'),(89,'edit_user_action_reactions','user_action_reactions','2021-07-16 13:01:43','2021-07-16 13:01:43'),(90,'add_user_action_reactions','user_action_reactions','2021-07-16 13:01:43','2021-07-16 13:01:43'),(91,'delete_user_action_reactions','user_action_reactions','2021-07-16 13:01:43','2021-07-16 13:01:43');
/*!40000 ALTER TABLE `permissions` ENABLE KEYS */;
UNLOCK TABLES;

--
-- Table structure for table `personal_access_tokens`
--

DROP TABLE IF EXISTS `personal_access_tokens`;
/*!40101 SET @saved_cs_client     = @@character_set_client */;
 SET character_set_client = utf8mb4 ;
CREATE TABLE `personal_access_tokens` (
  `id` bigint unsigned NOT NULL AUTO_INCREMENT,
  `tokenable_type` varchar(191) CHARACTER SET utf8mb4 COLLATE utf8mb4_unicode_ci NOT NULL,
  `tokenable_id` bigint unsigned NOT NULL,
  `name` varchar(191) CHARACTER SET utf8mb4 COLLATE utf8mb4_unicode_ci NOT NULL,
  `token` varchar(64) CHARACTER SET utf8mb4 COLLATE utf8mb4_unicode_ci NOT NULL,
  `abilities` text CHARACTER SET utf8mb4 COLLATE utf8mb4_unicode_ci,
  `last_used_at` timestamp NULL DEFAULT NULL,
  `created_at` timestamp NULL DEFAULT NULL,
  `updated_at` timestamp NULL DEFAULT NULL,
  PRIMARY KEY (`id`),
  UNIQUE KEY `personal_access_tokens_token_unique` (`token`),
  KEY `personal_access_tokens_tokenable_type_tokenable_id_index` (`tokenable_type`,`tokenable_id`)
) ENGINE=InnoDB AUTO_INCREMENT=277 DEFAULT CHARSET=utf8mb4 COLLATE=utf8mb4_unicode_ci;
/*!40101 SET character_set_client = @saved_cs_client */;

--
-- Dumping data for table `personal_access_tokens`
--

LOCK TABLES `personal_access_tokens` WRITE;
/*!40000 ALTER TABLE `personal_access_tokens` DISABLE KEYS */;
/*!40000 ALTER TABLE `personal_access_tokens` ENABLE KEYS */;
UNLOCK TABLES;

--
-- Table structure for table `polls`
--

DROP TABLE IF EXISTS `polls`;
/*!40101 SET @saved_cs_client     = @@character_set_client */;
 SET character_set_client = utf8mb4 ;
CREATE TABLE `polls` (
  `id` bigint unsigned NOT NULL AUTO_INCREMENT,
  `title` varchar(191) CHARACTER SET utf8mb4 COLLATE utf8mb4_unicode_ci NOT NULL,
  `description` varchar(191) CHARACTER SET utf8mb4 COLLATE utf8mb4_unicode_ci NOT NULL,
  `created_at` timestamp NULL DEFAULT NULL,
  `updated_at` timestamp NULL DEFAULT NULL,
  PRIMARY KEY (`id`)
) ENGINE=InnoDB AUTO_INCREMENT=3 DEFAULT CHARSET=utf8mb4 COLLATE=utf8mb4_unicode_ci;
/*!40101 SET character_set_client = @saved_cs_client */;

--
-- Dumping data for table `polls`
--

LOCK TABLES `polls` WRITE;
/*!40000 ALTER TABLE `polls` DISABLE KEYS */;
/*!40000 ALTER TABLE `polls` ENABLE KEYS */;
UNLOCK TABLES;

--
-- Table structure for table `posts`
--

DROP TABLE IF EXISTS `posts`;
/*!40101 SET @saved_cs_client     = @@character_set_client */;
 SET character_set_client = utf8mb4 ;
CREATE TABLE `posts` (
  `id` bigint unsigned NOT NULL AUTO_INCREMENT,
  `author_id` int NOT NULL,
  `title` varchar(191) CHARACTER SET utf8mb4 COLLATE utf8mb4_unicode_ci NOT NULL,
  `body` text CHARACTER SET utf8mb4 COLLATE utf8mb4_unicode_ci NOT NULL,
  `status` enum('PUBLISHED','DRAFT','PENDING') CHARACTER SET utf8mb4 COLLATE utf8mb4_unicode_ci NOT NULL DEFAULT 'DRAFT',
  `created_at` timestamp NULL DEFAULT NULL,
  `updated_at` timestamp NULL DEFAULT NULL,
  `required` tinyint(1) NOT NULL DEFAULT '0',
  `deleted_at` timestamp NULL DEFAULT NULL,
  PRIMARY KEY (`id`)
) ENGINE=InnoDB AUTO_INCREMENT=27 DEFAULT CHARSET=utf8mb4 COLLATE=utf8mb4_unicode_ci;
/*!40101 SET character_set_client = @saved_cs_client */;

--
-- Dumping data for table `posts`
--

LOCK TABLES `posts` WRITE;
/*!40000 ALTER TABLE `posts` DISABLE KEYS */;
/*!40000 ALTER TABLE `posts` ENABLE KEYS */;
UNLOCK TABLES;

--
-- Table structure for table `requests`
--

DROP TABLE IF EXISTS `requests`;
/*!40101 SET @saved_cs_client     = @@character_set_client */;
 SET character_set_client = utf8mb4 ;
CREATE TABLE `requests` (
  `id` bigint unsigned NOT NULL AUTO_INCREMENT,
  `title` varchar(191) CHARACTER SET utf8mb4 COLLATE utf8mb4_unicode_ci NOT NULL,
  `body` text CHARACTER SET utf8mb4 COLLATE utf8mb4_unicode_ci NOT NULL,
  `status` enum('PUBLISHED','DRAFT','PENDING') CHARACTER SET utf8mb4 COLLATE utf8mb4_unicode_ci NOT NULL DEFAULT 'DRAFT',
  `user_id` bigint unsigned NOT NULL,
  `created_at` timestamp NULL DEFAULT NULL,
  `updated_at` timestamp NULL DEFAULT NULL,
  PRIMARY KEY (`id`),
  KEY `requests_user_id_foreign` (`user_id`),
  CONSTRAINT `requests_user_id_foreign` FOREIGN KEY (`user_id`) REFERENCES `users` (`id`) ON DELETE CASCADE
) ENGINE=InnoDB AUTO_INCREMENT=17 DEFAULT CHARSET=utf8mb4 COLLATE=utf8mb4_unicode_ci;
/*!40101 SET character_set_client = @saved_cs_client */;

--
-- Dumping data for table `requests`
--

LOCK TABLES `requests` WRITE;
/*!40000 ALTER TABLE `requests` DISABLE KEYS */;
/*!40000 ALTER TABLE `requests` ENABLE KEYS */;
UNLOCK TABLES;

--
-- Table structure for table `resource_attachments`
--

DROP TABLE IF EXISTS `resource_attachments`;
/*!40101 SET @saved_cs_client     = @@character_set_client */;
 SET character_set_client = utf8mb4 ;
CREATE TABLE `resource_attachments` (
  `id` bigint unsigned NOT NULL AUTO_INCREMENT,
  `attachment_id` bigint unsigned NOT NULL,
  `user_id` bigint unsigned NOT NULL,
  `created_at` timestamp NULL DEFAULT NULL,
  `updated_at` timestamp NULL DEFAULT NULL,
  PRIMARY KEY (`id`),
  KEY `resource_attachments_attachment_id_foreign` (`attachment_id`),
  KEY `resource_attachments_user_id_foreign` (`user_id`),
  CONSTRAINT `resource_attachments_attachment_id_foreign` FOREIGN KEY (`attachment_id`) REFERENCES `attachments` (`id`) ON DELETE CASCADE,
  CONSTRAINT `resource_attachments_user_id_foreign` FOREIGN KEY (`user_id`) REFERENCES `users` (`id`) ON DELETE CASCADE
) ENGINE=InnoDB DEFAULT CHARSET=utf8mb4 COLLATE=utf8mb4_unicode_ci;
/*!40101 SET character_set_client = @saved_cs_client */;

--
-- Dumping data for table `resource_attachments`
--

LOCK TABLES `resource_attachments` WRITE;
/*!40000 ALTER TABLE `resource_attachments` DISABLE KEYS */;
/*!40000 ALTER TABLE `resource_attachments` ENABLE KEYS */;
UNLOCK TABLES;

--
-- Table structure for table `resources`
--

DROP TABLE IF EXISTS `resources`;
/*!40101 SET @saved_cs_client     = @@character_set_client */;
 SET character_set_client = utf8mb4 ;
CREATE TABLE `resources` (
  `id` bigint unsigned NOT NULL AUTO_INCREMENT,
  `title` varchar(191) CHARACTER SET utf8mb4 COLLATE utf8mb4_unicode_ci NOT NULL,
  `created_at` timestamp NULL DEFAULT NULL,
  `updated_at` timestamp NULL DEFAULT NULL,
  `description` text CHARACTER SET utf8mb4 COLLATE utf8mb4_unicode_ci,
  `resource_id` bigint unsigned DEFAULT NULL,
  PRIMARY KEY (`id`)
) ENGINE=InnoDB AUTO_INCREMENT=11 DEFAULT CHARSET=utf8mb4 COLLATE=utf8mb4_unicode_ci;
/*!40101 SET character_set_client = @saved_cs_client */;

--
-- Dumping data for table `resources`
--

LOCK TABLES `resources` WRITE;
/*!40000 ALTER TABLE `resources` DISABLE KEYS */;
/*!40000 ALTER TABLE `resources` ENABLE KEYS */;
UNLOCK TABLES;

--
-- Table structure for table `roles`
--

DROP TABLE IF EXISTS `roles`;
/*!40101 SET @saved_cs_client     = @@character_set_client */;
 SET character_set_client = utf8mb4 ;
CREATE TABLE `roles` (
  `id` bigint unsigned NOT NULL AUTO_INCREMENT,
  `name` varchar(191) CHARACTER SET utf8mb4 COLLATE utf8mb4_unicode_ci NOT NULL,
  `display_name` varchar(191) CHARACTER SET utf8mb4 COLLATE utf8mb4_unicode_ci NOT NULL,
  `created_at` timestamp NULL DEFAULT NULL,
  `updated_at` timestamp NULL DEFAULT NULL,
  PRIMARY KEY (`id`),
  UNIQUE KEY `roles_name_unique` (`name`)
) ENGINE=InnoDB AUTO_INCREMENT=5 DEFAULT CHARSET=utf8mb4 COLLATE=utf8mb4_unicode_ci;
/*!40101 SET character_set_client = @saved_cs_client */;

--
-- Dumping data for table `roles`
--

LOCK TABLES `roles` WRITE;
/*!40000 ALTER TABLE `roles` DISABLE KEYS */;
INSERT INTO `roles` VALUES (1,'admin','Administrator','2021-06-23 12:43:54','2021-06-23 12:43:54'),(2,'user','Family member','2021-06-23 12:43:54','2021-06-24 12:31:29'),(3,'manager','Manager','2021-06-23 12:49:03','2021-06-23 12:49:03'),(4,'employee','Employee','2021-06-23 12:49:19','2021-06-23 12:49:19');
/*!40000 ALTER TABLE `roles` ENABLE KEYS */;
UNLOCK TABLES;

--
-- Table structure for table `settings`
--

DROP TABLE IF EXISTS `settings`;
/*!40101 SET @saved_cs_client     = @@character_set_client */;
 SET character_set_client = utf8mb4 ;
CREATE TABLE `settings` (
  `id` int unsigned NOT NULL AUTO_INCREMENT,
  `key` varchar(191) CHARACTER SET utf8mb4 COLLATE utf8mb4_unicode_ci NOT NULL,
  `display_name` varchar(191) CHARACTER SET utf8mb4 COLLATE utf8mb4_unicode_ci NOT NULL,
  `value` text CHARACTER SET utf8mb4 COLLATE utf8mb4_unicode_ci,
  `details` text CHARACTER SET utf8mb4 COLLATE utf8mb4_unicode_ci,
  `type` varchar(191) CHARACTER SET utf8mb4 COLLATE utf8mb4_unicode_ci NOT NULL,
  `order` int NOT NULL DEFAULT '1',
  `group` varchar(191) CHARACTER SET utf8mb4 COLLATE utf8mb4_unicode_ci DEFAULT NULL,
  PRIMARY KEY (`id`),
  UNIQUE KEY `settings_key_unique` (`key`)
) ENGINE=InnoDB AUTO_INCREMENT=11 DEFAULT CHARSET=utf8mb4 COLLATE=utf8mb4_unicode_ci;
/*!40101 SET character_set_client = @saved_cs_client */;

--
-- Dumping data for table `settings`
--

LOCK TABLES `settings` WRITE;
/*!40000 ALTER TABLE `settings` DISABLE KEYS */;
INSERT INTO `settings` VALUES (1,'site.title','Site Title','Site Title','','text',1,'Site'),(2,'site.description','Site Description','Site Description','','text',2,'Site'),(3,'site.logo','Site Logo','','','image',3,'Site'),(4,'site.google_analytics_tracking_id','Google Analytics Tracking ID','','','text',4,'Site'),(5,'admin.bg_image','Admin Background Image','','','image',5,'Admin'),(6,'admin.title','Admin Title','Voyager','','text',1,'Admin'),(7,'admin.description','Admin Description','Welcome to Voyager. The Missing Admin for Laravel','','text',2,'Admin'),(8,'admin.loader','Admin Loader','','','image',3,'Admin'),(9,'admin.icon_image','Admin Icon Image','','','image',4,'Admin'),(10,'admin.google_analytics_client_id','Google Analytics Client ID (used for admin dashboard)','','','text',1,'Admin');
/*!40000 ALTER TABLE `settings` ENABLE KEYS */;
UNLOCK TABLES;

--
-- Table structure for table `translations`
--

DROP TABLE IF EXISTS `translations`;
/*!40101 SET @saved_cs_client     = @@character_set_client */;
 SET character_set_client = utf8mb4 ;
CREATE TABLE `translations` (
  `id` int unsigned NOT NULL AUTO_INCREMENT,
  `table_name` varchar(191) CHARACTER SET utf8mb4 COLLATE utf8mb4_unicode_ci NOT NULL,
  `column_name` varchar(191) CHARACTER SET utf8mb4 COLLATE utf8mb4_unicode_ci NOT NULL,
  `foreign_key` int unsigned NOT NULL,
  `locale` varchar(191) CHARACTER SET utf8mb4 COLLATE utf8mb4_unicode_ci NOT NULL,
  `value` text CHARACTER SET utf8mb4 COLLATE utf8mb4_unicode_ci NOT NULL,
  `created_at` timestamp NULL DEFAULT NULL,
  `updated_at` timestamp NULL DEFAULT NULL,
  PRIMARY KEY (`id`),
  UNIQUE KEY `translations_table_name_column_name_foreign_key_locale_unique` (`table_name`,`column_name`,`foreign_key`,`locale`)
) ENGINE=InnoDB AUTO_INCREMENT=31 DEFAULT CHARSET=utf8mb4 COLLATE=utf8mb4_unicode_ci;
/*!40101 SET character_set_client = @saved_cs_client */;

--
-- Dumping data for table `translations`
--

LOCK TABLES `translations` WRITE;
/*!40000 ALTER TABLE `translations` DISABLE KEYS */;
INSERT INTO `translations` VALUES (1,'data_types','display_name_singular',5,'pt','Post','2021-06-23 12:43:54','2021-06-23 12:43:54'),(2,'data_types','display_name_singular',6,'pt','Pgina','2021-06-23 12:43:54','2021-06-23 12:43:54'),(3,'data_types','display_name_singular',1,'pt','Utilizador','2021-06-23 12:43:54','2021-06-23 12:43:54'),(4,'data_types','display_name_singular',4,'pt','Categoria','2021-06-23 12:43:54','2021-06-23 12:43:54'),(5,'data_types','display_name_singular',2,'pt','Menu','2021-06-23 12:43:54','2021-06-23 12:43:54'),(6,'data_types','display_name_singular',3,'pt','Funo','2021-06-23 12:43:54','2021-06-23 12:43:54'),(7,'data_types','display_name_plural',5,'pt','Posts','2021-06-23 12:43:54','2021-06-23 12:43:54'),(8,'data_types','display_name_plural',6,'pt','Pginas','2021-06-23 12:43:54','2021-06-23 12:43:54'),(9,'data_types','display_name_plural',1,'pt','Utilizadores','2021-06-23 12:43:54','2021-06-23 12:43:54'),(10,'data_types','display_name_plural',4,'pt','Categorias','2021-06-23 12:43:54','2021-06-23 12:43:54'),(11,'data_types','display_name_plural',2,'pt','Menus','2021-06-23 12:43:54','2021-06-23 12:43:54'),(12,'data_types','display_name_plural',3,'pt','Funes','2021-06-23 12:43:54','2021-06-23 12:43:54'),(13,'categories','slug',1,'pt','categoria-1','2021-06-23 12:43:54','2021-06-23 12:43:54'),(14,'categories','name',1,'pt','Categoria 1','2021-06-23 12:43:54','2021-06-23 12:43:54'),(15,'categories','slug',2,'pt','categoria-2','2021-06-23 12:43:54','2021-06-23 12:43:54'),(16,'categories','name',2,'pt','Categoria 2','2021-06-23 12:43:54','2021-06-23 12:43:54'),(17,'pages','title',1,'pt','Ol Mundo','2021-06-23 12:43:54','2021-06-23 12:43:54'),(18,'pages','slug',1,'pt','ola-mundo','2021-06-23 12:43:54','2021-06-23 12:43:54'),(19,'pages','body',1,'pt','<p>Ol Mundo. Scallywag grog swab Cat o\'nine tails scuttle rigging hardtack cable nipper Yellow Jack. Handsomely spirits knave lad killick landlubber or just lubber deadlights chantey pinnace crack Jennys tea cup. Provost long clothes black spot Yellow Jack bilged on her anchor league lateen sail case shot lee tackle.</p>\r\n<p>Ballast spirits fluke topmast me quarterdeck schooner landlubber or just lubber gabion belaying pin. Pinnace stern galleon starboard warp carouser to go on account dance the hempen jig jolly boat measured fer yer chains. Man-of-war fire in the hole nipperkin handsomely doubloon barkadeer Brethren of the Coast gibbet driver squiffy.</p>','2021-06-23 12:43:54','2021-06-23 12:43:54'),(20,'menu_items','title',1,'pt','Painel de Controle','2021-06-23 12:43:54','2021-06-23 12:43:54'),(21,'menu_items','title',2,'pt','Media','2021-06-23 12:43:54','2021-06-23 12:43:54'),(22,'menu_items','title',12,'pt','Publicaes','2021-06-23 12:43:54','2021-06-23 12:43:54'),(23,'menu_items','title',3,'pt','Utilizadores','2021-06-23 12:43:54','2021-06-23 12:43:54'),(24,'menu_items','title',11,'pt','Categorias','2021-06-23 12:43:54','2021-06-23 12:43:54'),(25,'menu_items','title',13,'pt','Pginas','2021-06-23 12:43:54','2021-06-23 12:43:54'),(26,'menu_items','title',4,'pt','Funes','2021-06-23 12:43:54','2021-06-23 12:43:54'),(27,'menu_items','title',5,'pt','Ferramentas','2021-06-23 12:43:54','2021-06-23 12:43:54'),(28,'menu_items','title',6,'pt','Menus','2021-06-23 12:43:54','2021-06-23 12:43:54'),(29,'menu_items','title',7,'pt','Base de dados','2021-06-23 12:43:54','2021-06-23 12:43:54'),(30,'menu_items','title',10,'pt','Configuraes','2021-06-23 12:43:54','2021-06-23 12:43:54');
/*!40000 ALTER TABLE `translations` ENABLE KEYS */;
UNLOCK TABLES;

--
-- Table structure for table `user_action_reactions`
--

DROP TABLE IF EXISTS `user_action_reactions`;
/*!40101 SET @saved_cs_client     = @@character_set_client */;
 SET character_set_client = utf8mb4 ;
CREATE TABLE `user_action_reactions` (
  `id` bigint unsigned NOT NULL AUTO_INCREMENT,
  `reacted` tinyint(1) NOT NULL DEFAULT '0',
  `reactable_id` bigint unsigned NOT NULL,
  `reactable_type` varchar(255) CHARACTER SET utf8mb4 COLLATE utf8mb4_unicode_ci NOT NULL DEFAULT 'App\\Models\\Post',
  `user_id` bigint unsigned NOT NULL,
  `created_at` timestamp NULL DEFAULT NULL,
  `updated_at` timestamp NULL DEFAULT NULL,
  PRIMARY KEY (`id`),
  KEY `user_action_reactions_user_id_foreign` (`user_id`),
  CONSTRAINT `user_action_reactions_user_id_foreign` FOREIGN KEY (`user_id`) REFERENCES `users` (`id`) ON DELETE CASCADE
) ENGINE=InnoDB AUTO_INCREMENT=42 DEFAULT CHARSET=utf8mb4 COLLATE=utf8mb4_unicode_ci;
/*!40101 SET character_set_client = @saved_cs_client */;

--
-- Dumping data for table `user_action_reactions`
--

LOCK TABLES `user_action_reactions` WRITE;
/*!40000 ALTER TABLE `user_action_reactions` DISABLE KEYS */;
/*!40000 ALTER TABLE `user_action_reactions` ENABLE KEYS */;
UNLOCK TABLES;

--
-- Table structure for table `user_roles`
--

DROP TABLE IF EXISTS `user_roles`;
/*!40101 SET @saved_cs_client     = @@character_set_client */;
 SET character_set_client = utf8mb4 ;
CREATE TABLE `user_roles` (
  `user_id` bigint unsigned NOT NULL,
  `role_id` bigint unsigned NOT NULL,
  PRIMARY KEY (`user_id`,`role_id`),
  KEY `user_roles_user_id_index` (`user_id`),
  KEY `user_roles_role_id_index` (`role_id`),
  CONSTRAINT `user_roles_role_id_foreign` FOREIGN KEY (`role_id`) REFERENCES `roles` (`id`) ON DELETE CASCADE,
  CONSTRAINT `user_roles_user_id_foreign` FOREIGN KEY (`user_id`) REFERENCES `users` (`id`) ON DELETE CASCADE
) ENGINE=InnoDB DEFAULT CHARSET=utf8mb4 COLLATE=utf8mb4_unicode_ci;
/*!40101 SET character_set_client = @saved_cs_client */;

--
-- Dumping data for table `user_roles`
--

LOCK TABLES `user_roles` WRITE;
/*!40000 ALTER TABLE `user_roles` DISABLE KEYS */;
INSERT INTO `user_roles` VALUES (1,1);
/*!40000 ALTER TABLE `user_roles` ENABLE KEYS */;
UNLOCK TABLES;

--
-- Table structure for table `users`
--

DROP TABLE IF EXISTS `users`;
/*!40101 SET @saved_cs_client     = @@character_set_client */;
 SET character_set_client = utf8mb4 ;
CREATE TABLE `users` (
  `id` bigint unsigned NOT NULL AUTO_INCREMENT,
  `role_id` bigint unsigned DEFAULT NULL,
  `name` varchar(191) CHARACTER SET utf8mb4 COLLATE utf8mb4_unicode_ci NOT NULL,
  `surname` varchar(191) CHARACTER SET utf8mb4 COLLATE utf8mb4_unicode_ci DEFAULT NULL,
  `email` varchar(191) CHARACTER SET utf8mb4 COLLATE utf8mb4_unicode_ci NOT NULL,
  `avatar` varchar(191) CHARACTER SET utf8mb4 COLLATE utf8mb4_unicode_ci DEFAULT 'default.png',
  `password` varchar(191) CHARACTER SET utf8mb4 COLLATE utf8mb4_unicode_ci NOT NULL,
  `remember_token` varchar(100) CHARACTER SET utf8mb4 COLLATE utf8mb4_unicode_ci DEFAULT NULL,
  `settings` text CHARACTER SET utf8mb4 COLLATE utf8mb4_unicode_ci,
  `created_at` timestamp NULL DEFAULT NULL,
  `updated_at` timestamp NULL DEFAULT NULL,
  `position` varchar(255) CHARACTER SET utf8mb4 COLLATE utf8mb4_unicode_ci DEFAULT NULL,
  `phone` varchar(255) CHARACTER SET utf8mb4 COLLATE utf8mb4_unicode_ci DEFAULT NULL,
  `location` varchar(255) CHARACTER SET utf8mb4 COLLATE utf8mb4_unicode_ci DEFAULT NULL,
  `deleted_at` timestamp NULL DEFAULT NULL,
  `email_verified_at` timestamp NULL DEFAULT NULL,
  `alt_image` varchar(255) CHARACTER SET utf8mb4 COLLATE utf8mb4_unicode_ci DEFAULT 'default.png',
  PRIMARY KEY (`id`),
  UNIQUE KEY `users_email_unique` (`email`),
  KEY `users_role_id_foreign` (`role_id`),
  CONSTRAINT `users_role_id_foreign` FOREIGN KEY (`role_id`) REFERENCES `roles` (`id`)
) ENGINE=InnoDB AUTO_INCREMENT=62 DEFAULT CHARSET=utf8mb4 COLLATE=utf8mb4_unicode_ci;
/*!40101 SET character_set_client = @saved_cs_client */;

--
-- Dumping data for table `users`
--

LOCK TABLES `users` WRITE;
/*!40000 ALTER TABLE `users` DISABLE KEYS */;
INSERT INTO `users` VALUES (1,1,'Admin','Rosetta Team','admin@admin.com','users/September2021/UlZBJhxZ77VK7ygq9uS5.png','$2y$10$LnJivLnnl6HPDgU4QSd2FONbcKQUWSgL7GNDSVHqjGiUbPpTpAC4a','eNJQWNLcAqL7Qtid2FxhLGhnF1SRN0Bl4furVRFsgYGWo30M8wfAMVPPOouP','{\"locale\":\"en\"}','2021-06-23 12:43:54','2021-09-13 22:51:50',NULL,NULL,NULL,NULL,NULL,NULL);
/*!40000 ALTER TABLE `users` ENABLE KEYS */;
UNLOCK TABLES;

--
-- Dumping routines for database 'rosetta'
--
/*!40103 SET TIME_ZONE=@OLD_TIME_ZONE */;

/*!40101 SET SQL_MODE=@OLD_SQL_MODE */;
/*!40014 SET FOREIGN_KEY_CHECKS=@OLD_FOREIGN_KEY_CHECKS */;
/*!40014 SET UNIQUE_CHECKS=@OLD_UNIQUE_CHECKS */;
/*!40101 SET CHARACTER_SET_CLIENT=@OLD_CHARACTER_SET_CLIENT */;
/*!40101 SET CHARACTER_SET_RESULTS=@OLD_CHARACTER_SET_RESULTS */;
/*!40101 SET COLLATION_CONNECTION=@OLD_COLLATION_CONNECTION */;
/*!40111 SET SQL_NOTES=@OLD_SQL_NOTES */;

-- Dump completed on 2021-10-01 16:23:15
